6
8
10
20
30
31
32
34
38
50
53
54
58
62
63
66
73
78
85
91
97
98
105
107
111
135
137
154
159
173
176
177
184
187
193
195
204
207
209
214
215
219
229
256
257
261
293
306
307
308
312
320
321
333
344
353
356
361
362
369
374
376
377
382
383
384
385
386
392
395
402
403
406
410
418
420
422
429
433
436
446
454
482
485
491
493
508
514
516
524
531
545
548
555
564
572
574
579
603
614
619
626
629
630
631
636
639
640
642
644
648
652
659
674
682
685
702
707
712
715
730
732
736
741
747
761
762
768
782
784
794
804
805
811
813
823
841
844
857
863
866
881
884
885
892
898
904
905
924
936
942
949
953
964
965
966
973
977
986
992
1006
1008
1011
1013
1021
1024
1025
1029
1034
1035
1044
1051
1070
1075
1076
1077
1090
1092
1098
1104
1107
1114
1120
1132
1139
1142
1143
1145
1147
1151
1158
1164
1165
1168
1178
1182
1184
1186
1193
1217
1223
1235
1241
1243
1244
1249
1256
1271
1274
1276
1282
1286
1289
1292
1297
1298
1299
1300
1304
1305
1313
1319
1320
1321
1327
1328
1329
1333
1335
1337
1339
1348
1352
1353
1356
1362
1368
1369
1371
1372
1373
1374
1375
1383
1405
1411
1414
1433
1438
1453
1457
1458
1463
1467
1474
1488
1507
1523
1533
1540
1542
1543
1552
1554
1566
1569
1572
1573
1584
1596
1598
1606
1616
1625
1633
1638
1639
1657
1663
1671
1673
1678
1698
1700
1702
1709
1713
1730
1735
1736
1737
1745
1747
1750
1761
1763
1764
1770
1776
1783
1784
1793
1805
1811
1814
1818
1822
1823
1824
1829
1831
1841
1847
1851
1853
1873
1879
1880
1889
1897
1898
1905
1906
1919
1922
1926
1927
1928
1940
1944
1946
1960
1973
1975
1976
1989
1991
1993
2002
2003
2015
2053
2069
2077
2092
2097
2101
2105
2110
2113
2117
2126
2127
2132
2133
2143
2150
2159
2162
2164
2166
2167
2176
2186
2187
2190
2191
2192
2204
2219
2222
2224
2230
2231
2234
2239
2245
2246
2249
2252
2254
2257
2260
2262
2264
2268
2270
2275
2276
2278
2279
2280
2290
2295
2337
2340
2342
2344
2346
2361
2364
2366
2369
2377
2380
2381
2384
2390
2392
2393
2394
2401
2406
2415
2421
2425
2432
2433
2435
2447
2450
2453
2456
2460
2462
2467
2469
2473
2480
2481
2487
2499
2510
2511
2519
2521
2526
2528
2529
2530
2534
2538
2541
2545
2554
2564
2568
2577
2580
2581
2587
2590
2591
2594
2597
2611
2616
2619
2620
2630
2646
2649
2652
2653
2655
2656
2662
2667
2668
2682
2685
2690
2697
2703
2711
2717
2734
2744
2745
2750
2752
2784
2788
2790
2792
2800
2803
2812
2814
2816
2817
2828
2829
2834
2846
2855
2856
2868
2869
2871
2875
2878
2894
2895
2908
2909
2914
2915
2917
2919
2924
2929
2932
2938
2942
2943
2954
2956
2957
2959
2968
2977
2988
2997
3001
3017
3021
3026
3028
3029
3034
3036
3046
3049
3057
3072
3074
3080
3102
3112
3114
3122
3124
3135
3142
3144
3153
3155
3158
3168
3175
3182
3183
3193
3196
3204
3207
3210
3222
3228
3231
3258
3260
3267
3274
3293
3308
3309
3318
3323
3324
3332
3333
3344
3352
3357
3362
3363
3378
3382
3389
3390
3392
3405
3407
3408
3410
3417
3418
3421
3424
3427
3438
3448
3449
3467
3468
3471
3472
3480
3486
3493
3504
3505
3520
3521
3526
3531
3545
3557
3567
3574
3575
3585
3610
3611
3616
3621
3631
3632
3638
3648
3666
3668
3687
3692
3695
3698
3699
3706
3708
3709
3711
3715
3724
3725
3732
3738
3739
3744
3758
3759
3760
3762
3766
3775
3783
3785
3787
3793
3796
3800
3802
3804
3810
3821
3837
3839
3841
3851
3853
3859
3863
3869
3873
3877
3882
3884
3885
3891
3894
3896
3899
3904
3913
3914
3915
3920
3928
3929
3931
3936
3938
3943
3947
3948
3951
3954
3955
3961
3962
3997
3998
4004
4008
4012
4021
4024
4035
4061
4062
4064
4068
4070
4071
4081
4082
4086
4092
4094
4103
4105
4113
4122
4123
4136
4141
4144
4151
4153
4158
4159
4162
4165
4171
4175
4187
4190
4192
4194
4216
4220
4235
4236
4240
4241
4242
4257
4272
4287
4288
4301
4312
4315
4328
4338
4370
4373
4378
4383
4386
4387
4388
4393
4397
4401
4405
4436
4445
4446
4452
4458
4478
4484
4496
4501
4503
4528
4531
4543
4545
4546
4548
4549
4557
4561
4567
4568
4571
4578
4587
4589
4590
4592
4599
4606
4612
4641
4642
4644
4645
4649
4650
4653
4665
4667
4668
4673
4675
4701
4703
4706
4711
4735
4738
4753
4757
4758
4759
4760
4769
4776
4792
4800
4802
4814
4816
4824
4829
4837
4839
4846
4854
4869
4880
4886
4891
4894
4907
4909
4921
4926
4927
4933
4953
4954
4961
4968
4976
4977
4998
4999
5001
5004
5022
5024
5027
5034
5036
5037
5043
5053
5055
5058
5062
5074
5085
5090
5093
5096
5108
5112
5114
5124
5126
5146
5150
5151
5154
5155
5163
5168
5179
5185
5189
5193
5198
5199
5201
5206
5214
5226
5229
5233
5237
5243
5248
5256
5262
5280
5285
5292
5307
5310
5319
5321
5327
5330
5343
5349
5350
5352
5355
5364
5366
5372
5377
5382
5385
5387
5388
5399
5404
5416
5428
5433
5446
5450
5453
5459
5475
5477
5485
5494
5509
5511
5529
5535
5550
5558
5577
5595
5601
5608
5612
5615
5621
5624
5629
5641
5644
5647
5650
5652
5654
5655
5665
5669
5677
5679
5684
5696
5714
5715
5717
5725
5726
5728
5736
5752
5753
5761
5764
5769
5770
5796
5800
5801
5802
5806
5819
5824
5829
5833
5849
5856
5859
5861
5865
5867
5874
5887
5894
5900
5906
5909
5914
5929
5935
5936
5939
5945
5949
5964
5977
5978
5979
5983
5990
5992
5998
6001
6011
6019
6024
6029
6044
6048
6050
6054
6055
6069
6085
6087
6092
6104
6109
6110
6111
6115
6119
6122
6125
6135
6146
6151
6155
6176
6182
6193
6197
6205
6208
6210
6218
6219
6223
6224
6227
6232
6234
6235
6236
6241
6243
6247
6249
6253
6257
6259
6265
6281
6284
6292
6312
6313
6325
6328
6330
6342
6344
6350
6354
6355
6358
6360
6363
6368
6372
6389
6397
6399
6426
6427
6435
6441
6458
6459
6462
6485
6487
6491
6499
6502
6503
6514
6519
6527
6530
6540
6547
6565
6567
6569
6582
6587
6588
6591
6593
6597
6599
6606
6607
6611
6614
6616
6618
6619
6624
6625
6642
6652
6659
6670
6672
6675
6701
6711
6714
6716
6732
6737
6743
6751
6759
6767
6779
6785
6787
6789
6792
6811
6818
6822
6826
6828
6831
6841
6860
6861
6862
6873
6876
6884
6896
6905
6906
6925
6935
6952
6956
6959
6964
6967
6973
6987
6990
6997
7004
7010
7028
7032
7036
7045
7046
7052
7064
7065
7066
7083
7084
7089
7104
7114
7119
7124
7134
7139
7142
7147
7149
7153
7155
7156
7164
7165
7185
7190
7198
7199
7203
7207
7229
7236
7241
7244
7249
7250
7278
7283
7289
7295
7320
7323
7332
7341
7344
7353
7361
7372
7373
7383
7401
7420
7425
7430
7461
7469
7482
7488
7496
7497
7508
7520
7526
7528
7541
7549
7559
7560
7561
7564
7568
7582
7584
7587
7589
7590
7592
7593
7596
7613
7641
7663
7676
7677
7680
7684
7686
7689
7690
7694
7702
7717
7718
7723
7735
7740
7748
7760
7768
7782
7783
7787
7789
7795
7796
7804
7814
7819
7831
7846
7854
7861
7884
7887
7890
7898
7899
7902
7907
7911
7914
7919
7942
7954
7959
7961
7963
7988
7992
8002
8010
8013
8014
8016
8032
8036
8041
8046
8052
8057
8061
8064
8078
8085
8097
8102
8119
8130
8138
8148
8149
8151
8158
8162
8164
8165
8177
8190
8194
8203
8207
8208
8212
8229
8232
8233
8234
8237
8240
8241
8242
8243
8245
8249
8251
8253
8264
8271
8283
8285
8286
8287
8295
8305
8326
8330
8339
8344
8346
8352
8354
8358
8368
8373
8389
8391
8392
8399
8400
8406
8409
8411
8416
8419
8421
8429
8435
8441
8442
8444
8456
8461
8468
8477
8482
8483
8487
8498
8499
8521
8522
8535
8538
8540
8544
8548
8553
8561
8567
8570
8577
8582
8590
8592
8595
8602
8610
8619
8621
8622
8624
8625
8626
8635
8648
8651
8655
8660
8661
8664
8667
8669
8678
8686
8690
8691
8700
8711
8713
8719
8724
8728
8738
8747
8758
8776
8777
8786
8793
8796
8799
8808
8817
8828
8835
8841
8864
8887
8890
8891
8894
8895
8900
8906
8912
8913
8921
8924
8945
8961
8963
8967
8970
8983
8995
9015
9017
9024
9034
9038
9040
9042
9049
9051
9054
9060
9065
9068
9073
9078
9084
9086
9093
9099
9102
9122
9126
9132
9133
9144
9156
9161
9163
9170
9171
9172
9174
9191
9194
9197
9206
9208
9210
9226
9246
9248
9260
9266
9278
9292
9293
9294
9295
9307
9312
9331
9333
9336
9339
9341
9345
9346
9353
9358
9359
9373
9380
9381
9389
9396
9398
9406
9407
9410
9428
9436
9441
9464
9470
9473
9484
9497
9502
9507
9509
9531
9534
9540
9542
9543
9549
9550
9556
9559
9562
9566
9571
9577
9579
9580
9589
9598
9604
9611
9622
9625
9632
9646
9657
9660
9671
9690
9696
9711
9715
9725
9766
9772
9778
9785
9787
9792
9806
9807
9812
9813
9818
9820
9824
9829
9851
9861
9862
9873
9884
9890
9891
9893
9896
9899
9914
9916
9926
9932
9951
9955
9963
9970
9983
9999
10002
10015
10017
10021
10037
10047
10049
10055
10056
10057
10059
10064
10072
10076
10081
10084
10086
10093
10103
10104
10106
10121
10122
10123
10128
10129
10130
10137
10139
10144
10152
10153
10159
10166
10167
10179
10180
10199
10205
10207
10212
10220
10222
10224
10236
10237
10241
10242
10248
10254
10259
10273
10282
10284
10285
10298
10301
10304
10312
10316
10317
10322
10328
10330
10342
10348
10349
10352
10355
10364
10373
10377
10385
10387
10395
10397
10409
10421
10424
10426
10438
10440
10441
10442
10443
10446
10447
10458
10460
10464
10477
10479
10491
10507
10521
10527
10532
10544
10553
10554
10565
10579
10581
10584
10595
10600
10626
10630
10645
10647
10657
10662
10663
10664
10670
10697
10699
10707
10709
10726
10734
10740
10741
10756
10759
10762
10767
10781
10782
10785
10786
10787
10788
10801
10809
10813
10825
10837
10849
10856
10859
10860
10862
10865
10871
10882
10883
10895
10898
10899
10900
10904
10905
10912
10918
10922
10924
10938
10949
10965
10968
10978
10985
10986
10988
10991
10992
10998
11002
11008
11015
11017
11018
11025
11032
11036
11067
11069
11072
11077
11084
11087
11090
11101
11105
11106
11109
11113
11137
11144
11146
11147
11160
11164
11169
11176
11189
11193
11196
11198
11199
11212
11221
11228
11241
11245
11251
11261
11266
11268
11278
11280
11284
11300
11305
11307
11312
11314
11320
11321
11323
11328
11329
11330
11337
11344
11358
11370
11384
11392
11402
11405
11411
11417
11435
11445
11474
11476
11483
11497
11502
11503
11512
11516
11532
11533
11537
11552
11565
11576
11583
11586
11600
11602
11609
11610
11620
11622
11625
11637
11651
11661
11663
11664
11665
11666
11667
11668
11673
11680
11686
11693
11701
11709
11721
11727
11729
11754
11755
11757
11761
11768
11769
11774
11775
11776
11777
11795
11796
11813
11843
11847
11855
11863
11865
11872
11874
11894
11899
11901
11907
11913
11915
11916
11923
11950
11968
11973
11974
11975
11983
12007
12008
12012
12015
12021
12037
12048
12051
12059
12064
12067
12072
12073
12075
12084
12087
12098
12101
12108
12110
12111
12114
12117
12123
12124
12127
12155
12156
12170
12173
12188
12202
12214
12220
12225
12227
12233
12236
12239
12248
12256
12259
12260
12283
12286
12288
12289
12291
12297
12311
12314
12318
12321
12322
12323
12335
12364
12383
12390
12393
12405
12411
12413
12417
12425
12428
12429
12431
12434
12458
12459
12463
12464
12465
12466
12484
12486
12487
12494
12495
12501
12516
12518
12532
12536
12570
12573
12575
12582
12586
12587
12594
12601
12602
12608
12618
12622
12632
12634
12635
12655
12656
12671
12672
12674
12689
12698
12699
12708
12720
12724
12728
12737
12738
12739
12751
12759
12761
12775
12783
12795
12796
12798
12801
12803
12805
12807
12816
12819
12821
12827
12833
12840
12845
12851
12853
12856
12858
12860
12884
12888
12891
12896
12897
12898
12904
12911
12923
12924
12928
12930
12932
12933
12934
12936
12937
12946
12950
12951
12955
12957
12958
12961
12980
12985
12988
12990
12992
13000
13016
13022
13026
13034
13036
13046
13052
13056
13060
13088
13094
13096
13097
13123
13135
13148
13149
13155
13160
13165
13179
13182
13187
13190
13194
13204
13205
13207
13209
13215
13220
13226
13228
13236
13241
13243
13249
13252
13257
13258
13261
13268
13274
13276
13277
13279
13290
13291
13295
13297
13315
13327
13335
13350
13355
13382
13386
13392
13396
13401
13409
13410
13411
13413
13415
13422
13431
13438
13439
13441
13446
13448
13450
13458
13461
13464
13477
13498
13502
13507
13509
13519
13531
13540
13547
13549
13555
13566
13567
13569
13571
13581
13591
13593
13596
13597
13601
13603
13615
13617
13633
13634
13637
13645
13646
13655
13661
13667
13673
13686
13688
13699
13705
13721
13725
13729
13735
13747
13756
13781
13782
13783
13789
13799
13805
13817
13829
13830
13841
13842
13848
13860
13861
13875
13877
13894
13895
13899
13905
13907
13910
13918
13923
13928
13934
13946
13956
13964
13965
13966
13968
13974
13976
13979
13985
14001
14012
14014
14021
14023
14025
14026
14040
14041
14043
14051
14067
14070
14076
14077
14085
14086
14087
14088
14096
14104
14105
14110
14115
14122
14127
14132
14149
14165
14167
14170
14178
14179
14191
14194
14199
14206
14209
14215
14217
14232
14234
14248
14250
14257
14261
14269
14310
14314
14317
14326
14332
14343
14349
14350
14352
14359
14364
14367
14368
14374
14381
14393
14398
14404
14414
14415
14416
14425
14426
14428
14430
14437
14438
14449
14453
14457
14465
14477
14479
14491
14497
14514
14517
14519
14529
14530
14531
14532
14533
14541
14548
14558
14559
14560
14571
14579
14590
14591
14610
14619
14636
14637
14638
14645
14646
14653
14665
14669
14674
14678
14683
14688
14692
14703
14705
14709
14710
14711
14714
14724
14728
14737
14738
14742
14745
14754
14770
14779
14782
14787
14796
14800
14803
14804
14816
14820
14834
14837
14841
14842
14852
14854
14855
14857
14869
14872
14875
14886
14890
14893
14897
14898
14912
14916
14918
14923
14936
14937
14944
14946
14954
14960
14963
14971
14978
14981
14999
15005
15006
15018
15032
15037
15043
15047
15049
15053
15063
15067
15074
15075
15076
15079
15085
15086
15087
15106
15119
15120
15126
15127
15130
15134
15136
15137
15144
15150
15151
15153
15162
15201
15205
15207
15218
15226
15229
15235
15240
15260
15281
15282
15291
15295
15300
15313
15317
15326
15328
15330
15333
15335
15338
15364
15369
15374
15378
15385
15396
15400
15408
15409
15420
15425
15441
15443
15451
15459
15482
15484
15486
15489
15493
15497
15499
15500
15510
15515
15517
15524
15526
15541
15542
15546
15558
15566
15568
15570
15571
15574
15586
15591
15594
15616
15618
15620
15621
15622
15626
15629
15630
15636
15648
15652
15655
15658
15666
15677
15680
15682
15689
15692
15696
15698
15707
15719
15733
15755
15759
15763
15777
15779
15780
15790
15793
15795
15797
15801
15815
15822
15835
15845
15850
15856
15862
15874
15877
15880
15881
15890
15893
15900
15910
15918
15919
15926
15927
15951
15955
15960
15962
15973
15974
15982
15985
15988
15992
15993
15994
15998
16004
16009
16010
16013
16016
16026
16040
16046
16050
16068
16075
16092
16098
16099
16106
16107
16112
16113
16117
16134
16141
16143
16146
16147
16154
16159
16166
16167
16168
16175
16177
16185
16191
16193
16195
16198
16200
16221
16223
16227
16242
16247
16256
16264
16266
16269
16273
16275
16285
16286
16291
16292
16293
16300
16302
16304
16305
16310
16312
16315
16321
16322
16323
16333
16338
16344
16349
16354
16356
16365
16366
16370
16383
16389
16391
16411
16417
16425
16431
16436
16443
16450
16451
16452
16455
16457
16461
16465
16469
16475
16481
16485
16505
16508
16509
16510
16525
16537
16542
16549
16571
16574
16575
16583
16586
16590
16594
16603
16609
16617
16623
16629
16630
16639
16659
16661
16669
16673
16677
16679
16690
16700
16702
16712
16728
16731
16744
16745
16748
16753
16757
16795
16797
16804
16819
16820
16823
16831
16836
16840
16864
16871
16880
16884
16898
16900
16908
16909
16910
16916
16918
16924
16929
16931
16935
16938
16955
16959
16965
16978
16982
16989
16990
16993
16995
17003
17022
17026
17027
17028
17029
17030
17033
17034
17048
17055
17056
17063
17079
17085
17101
17105
17113
17114
17115
17119
17122
17126
17135
17142
17143
17154
17162
17167
17170
17175
17176
17178
17180
17183
17201
17212
17215
17218
17221
17223
17230
17231
17232
17235
17236
17252
17256
17257
17262
17271
17287
17288
17300
17305
17317
17327
17339
17343
17353
17365
17372
17376
17377
17378
17381
17387
17389
17392
17393
17394
17395
17400
17401
17402
17406
17410
17417
17422
17423
17429
17430
17446
17449
17451
17458
17459
17463
17473
17474
17475
17478
17481
17488
17498
17500
17503
17505
17507
17508
17511
17518
17527
17552
17554
17556
17562
17566
17569
17579
17582
17588
17592
17602
17606
17608
17615
17624
17634
17638
17646
17650
17651
17654
17664
17668
17673
17677
17680
17683
17703
17707
17716
17720
17722
17723
17725
17731
17737
17740
17746
17747
17750
17752
17758
17760
17773
17777
17787
17788
17796
17802
17811
17812
17816
17817
17821
17825
17829
17842
17847
17848
17849
17856
17865
17866
17869
17871
17880
17882
17891
17896
17900
17902
17903
17919
17920
17924
17925
17931
17932
17937
17939
17941
17951
17955
17956
17961
17963
17968
17977
17989
17994
17998
18027
18046
18066
18072
18074
18080
18090
18094
18096
18098
18102
18108
18114
18116
18117
18122
18124
18125
18126
18127
18128
18142
18145
18168
18170
18172
18173
18191
18195
18197
18202
18204
18220
18229
18234
18241
18244
18250
18258
18268
18272
18288
18290
18291
18293
18296
18305
18312
18321
18328
18348
18349
18355
18363
18370
18373
18378
18379
18386
18395
18414
18419
18422
18435
18438
18459
18468
18478
18513
18514
18523
18526
18529
18539
18545
18548
18567
18571
18573
18577
18586
18617
18622
18623
18627
18639
18651
18656
18665
18667
18670
18672
18679
18680
18681
18689
18690
18691
18692
18696
18700
18703
18709
18712
18714
18723
18725
18731
18739
18742
18744
18748
18754
18758
18773
18776
18777
18782
18799
18804
18811
18822
18837
18849
18867
18874
18875
18881
18886
18887
18889
18896
18902
18903
18922
18938
18941
18942
18945
18946
18960
18961
18966
18972
18973
18979
18984
18994
18995
19002
19014
19020
19022
19023
19030
19032
19034
19038
19043
19057
19060
19061
19083
19089
19094
19096
19105
19123
19138
19141
19142
19144
19155
19166
19174
19180
19181
19184
19189
19191
19193
19195
19197
19213
19244
19245
19254
19258
19261
19263
19266
19267
19272
19294
19311
19316
19317
19322
19337
19340
19364
19371
19374
19377
19381
19390
19394
19395
19403
19422
19424
19428
19436
19440
19447
19449
19450
19452
19454
19471
19476
19479
19492
19495
19498
19503
19513
19516
19522
19537
19556
19571
19573
19577
19581
19585
19593
19594
19597
19600
19604
19605
19616
19628
19641
19642
19654
19655
19656
19658
19660
19666
19673
19682
19693
19695
19701
19703
19728
19734
19736
19738
19741
19744
19747
19749
19758
19761
19776
19792
19806
19809
19810
19828
19834
19836
19845
19849
19850
19851
19860
19872
19885
19889
19895
19912
19930
19934
19947
19952
19959
19971
19978
19983
19994
19999
20002
20005
20006
20008
20012
20016
20024
20028
20037
20041
20045
20047
20049
20050
20054
20058
20059
20061
20082
20083
20099
20105
20112
20114
20125
20129
20133
20135
20137
20140
20141
20145
20154
20164
20177
20182
20188
20192
20209
20220
20223
20243
20244
20249
20256
20259
20263
20264
20266
20270
20271
20278
20279
20289
20293
20300
20302
20312
20321
20323
20327
20336
20337
20339
20342
20351
20354
20363
20372
20373
20381
20390
20392
20395
20405
20406
20415
20429
20433
20449
20467
20471
20472
20476
20486
20487
20490
20495
20497
20498
20499
20503
20510
20516
20518
20520
20523
20524
20537
20548
20556
20562
20563
20564
20569
20580
20581
20583
20586
20589
20597
20602
20604
20614
20619
20630
20637
20639
20662
20695
20698
20702
20712
20716
20727
20732
20743
20748
20749
20750
20752
20754
20757
20758
20761
20766
20769
20775
20794
20802
20816
20823
20828
20829
20832
20833
20834
20842
20847
20848
20849
20855
20860
20862
20871
20872
20880
20894
20900
20905
20928
20929
20930
20944
20953
20967
20970
20971
20973
20981
20986
20993
20994
21003
21010
21013
21019
21023
21026
21027
21029
21042
21053
21056
21064
21065
21067
21071
21079
21083
21084
21089
21096
21097
21099
21111
21119
21125
21126
21134
21137
21144
21153
21154
21156
21165
21170
21174
21176
21177
21189
21195
21196
21198
21203
21208
21211
21220
21234
21238
21248
21254
21255
21266
21269
21273
21281
21287
21288
21292
21306
21308
21321
21329
21336
21337
21356
21362
21367
21369
21376
21377
21378
21389
21402
21403
21409
21413
21421
21424
21425
21428
21438
21444
21445
21456
21457
21460
21479
21483
21487
21493
21495
21499
21500
21513
21514
21525
21527
21528
21530
21534
21535
21539
21541
21542
21547
21556
21563
21567
21572
21573
21577
21581
21589
21607
21614
21616
21623
21627
21633
21635
21640
21644
21650
21652
21659
21664
21666
21673
21674
21682
21709
21710
21712
21716
21722
21725
21731
21733
21736
21737
21739
21747
21749
21750
21756
21760
21768
21784
21786
21804
21809
21817
21818
21823
21830
21852
21860
21865
21878
21884
21896
21897
21899
21900
21902
21904
21912
21913
21922
21923
21939
21944
21946
21948
21951
21952
21960
21965
21966
21977
21980
21985
21993
21997
21999
22003
22014
22027
22028
22029
22030
22031
22033
22035
22043
22044
22046
22051
22070
22073
22080
22091
22099
22109
22110
22112
22118
22123
22142
22143
22149
22151
22161
22163
22171
22172
22174
22191
22215
22217
22218
22224
22225
22227
22231
22243
22253
22256
22258
22259
22265
22267
22269
22272
22273
22275
22277
22281
22290
22294
22305
22306
22309
22317
22318
22332
22356
22359
22363
22367
22369
22375
22386
22398
22399
22401
22407
22417
22425
22428
22436
22439
22442
22444
22445
22453
22459
22477
22484
22486
22490
22496
22500
22505
22510
22513
22515
22516
22527
22536
22540
22542
22547
22555
22571
22572
22576
22581
22587
22589
22605
22610
22613
22623
22624
22625
22630
22642
22655
22665
22671
22675
22679
22681
22693
22710
22718
22724
22730
22749
22757
22759
22762
22764
22768
22797
22799
22800
22806
22811
22816
22819
22825
22840
22844
22847
22855
22864
22867
22870
22874
22888
22893
22895
22909
22925
22932
22940
22950
22953
22976
22993
23017
23023
23037
23039
23041
23042
23047
23049
23051
23052
23074
23075
23082
23083
23086
23089
23093
23094
23103
23106
23112
23125
23128
23138
23141
23149
23157
23162
23164
23168
23183
23191
23197
23203
23205
23223
23227
23240
23249
23251
23256
23259
23260
23295
23297
23310
23311
23322
23325
23329
23332
23338
23340
23355
23358
23384
23389
23398
23409
23412
23422
23423
23424
23436
23445
23446
23453
23459
23462
23463
23468
23471
23472
23478
23488
23493
23517
23521
23525
23541
23542
23550
23556
23560
23567
23577
23581
23584
23588
23590
23601
23608
23611
23627
23628
23630
23632
23642
23643
23645
23651
23653
23659
23662
23665
23667
23669
23671
23675
23681
23682
23683
23685
23687
23695
23697
23705
23713
23723
23731
23732
23739
23745
23750
23753
23757
23758
23765
23768
23769
23772
23775
23783
23786
23796
23798
23799
23810
23830
23841
23846
23863
23866
23868
23871
23883
23886
23888
23890
23904
23908
23915
23918
23919
23927
23934
23936
23937
23948
23955
23957
23978
23985
23989
23992
24035
24037
24049
24059
24069
24071
24073
24074
24080
24086
24088
24093
24097
24098
24102
24114
24116
24120
24121
24122
24132
24133
24139
24152
24165
24167
24171
24175
24178
24179
24191
24194
24202
24206
24207
24220
24221
24222
24228
24239
24242
24247
24249
24260
24262
24267
24268
24270
24279
24282
24284
24288
24292
24318
24326
24332
24343
24351
24362
24369
24370
24379
24382
24396
24398
24401
24411
24422
24426
24433
24441
24447
24450
24451
24465
24466
24469
24470
24475
24480
24484
24486
24507
24512
24513
24516
24521
24525
24535
24546
24547
24548
24558
24566
24577
24581
24583
24586
24601
24618
24622
24625
24626
24632
24638
24640
24643
24647
24654
24656
24657
24661
24665
24666
24667
24673
24680
24689
24696
24705
24711
24714
24719
24721
24731
24733
24735
24738
24742
24748
24762
24769
24776
24790
24797
24798
24799
24804
24808
24810
24813
24827
24833
24835
24843
24864
24865
24868
24877
24879
24884
24885
24886
24894
24905
24912
24928
24933
24950
24951
24976
24986
24996
25003
25012
25016
25018
25026
25034
25039
25045
25046
25053
25070
25072
25075
25079
25084
25092
25111
25120
25129
25133
25137
25140
25160
25164
25173
25183
25188
25191
25204
25208
25213
25216
25218
25230
25237
25241
25249
25251
25260
25266
25275
25278
25280
25294
25311
25315
25318
25325
25331
25338
25339
25342
25343
25348
25365
25371
25387
25391
25412
25420
25421
25433
25439
25459
25460
25462
25463
25464
25466
25472
25475
25481
25482
25483
25493
25497
25507
25524
25526
25530
25539
25544
25551
25559
25566
25569
25573
25581
25585
25599
25600
25605
25608
25623
25626
25639
25658
25662
25664
25665
25693
25695
25698
25699
25705
25707
25712
25718
25742
25746
25754
25772
25783
25806
25811
25815
25839
25844
25845
25847
25851
25857
25858
25859
25861
25862
25866
25867
25868
25887
25888
25889
25890
25891
25897
25902
25904
25908
25911
25912
25916
25918
25919
25933
25937
25941
25947
25951
25955
25956
25957
25958
25962
25964
25969
25970
25973
25981
25989
25992
25996
25997
25999
26004
26007
26009
26011
26012
26018
26019
26027
26031
26033
26034
26038
26039
26041
26049
26054
26066
26068
26071
26076
26083
26084
26087
26091
26093
26106
26117
26121
26124
26132
26135
26137
26140
26142
26143
26148
26151
26156
26157
26167
26170
26171
26183
26184
26192
26195
26206
26207
26208
26213
26220
26226
26240
26241
26251
26253
26264
26266
26275
26286
26289
26290
26294
26301
26308
26312
26317
26319
26324
26325
26326
26339
26343
26346
26347
26356
26357
26364
26370
26371
26377
26384
26390
26391
26394
26396
26397
26402
26403
26404
26405
26407
26425
26427
26429
26438
26444
26456
26471
26472
26483
26491
26497
26504
26506
26512
26526
26535
26536
26537
26539
26543
26548
26568
26575
26586
26587
26591
26604
26607
26610
26621
26623
26629
26630
26645
26646
26654
26666
26681
26693
26706
26708
26712
26724
26736
26738
26741
26753
26761
26762
26764
26766
26777
26784
26787
26788
26795
26811
26813
26816
26820
26831
26834
26838
26846
26849
26851
26868
26872
26875
26879
26889
26894
26909
26910
26911
26917
26921
26924
26941
26945
26959
26975
26979
26985
26987
27000
27005
27006
27009
27012
27017
27022
27031
27040
27046
27049
27060
27072
27078
27086
27089
27090
27094
27098
27102
27111
27112
27113
27115
27120
27127
27132
27146
27148
27149
27153
27155
27164
27182
27189
27194
27196
27204
27207
27222
27227
27228
27233
27237
27239
27243
27249
27254
27260
27267
27269
27272
27273
27277
27283
27289
27292
27295
27303
27304
27310
27315
27317
27318
27319
27331
27340
27350
27357
27359
27372
27395
27397
27399
27406
27407
27408
27410
27420
27424
27425
27428
27439
27443
27444
27445
27453
27456
27461
27464
27473
27478
27480
27497
27507
27515
27518
27526
27535
27561
27575
27576
27577
27589
27601
27602
27606
27607
27618
27638
27655
27661
27664
27670
27681
27690
27692
27696
27706
27711
27712
27714
27716
27728
27730
27733
27735
27736
27738
27743
27746
27749
27750
27753
27760
27769
27774
27782
27790
27792
27801
27803
27805
27810
27811
27815
27816
27817
27823
27835
27837
27851
27860
27866
27870
27875
27882
27885
27892
27912
27922
27928
27930
27932
27934
27935
27936
27939
27941
27951
27953
27957
27959
27962
27964
27966
27967
27979
27984
27991
27995
27998
28004
28012
28017
28020
28030
28036
28048
28050
28061
28079
28089
28090
28094
28097
28101
28104
28121
28126
28128
28139
28142
28149
28151
28154
28162
28164
28167
28171
28176
28179
28182
28192
28194
28195
28197
28199
28206
28211
28213
28216
28217
28222
28227
28241
28243
28247
28251
28254
28264
28266
28268
28274
28277
28282
28286
28289
28307
28308
28312
28318
28321
28333
28353
28365
28370
28377
28389
28394
28405
28406
28419
28438
28446
28449
28451
28468
28469
28475
28481
28489
28496
28503
28506
28518
28523
28526
28527
28532
28544
28555
28564
28589
28591
28592
28597
28604
28607
28608
28625
28626
28638
28641
28642
28649
28656
28660
28665
28667
28675
28689
28706
28708
28713
28719
28733
28738
28753
28761
28764
28770
28773
28777
28778
28780
28793
28813
28819
28826
28834
28882
28890
28891
28895
28903
28905
28915
28925
28931
28952
28955
28962
28973
28976
28977
28980
28981
28986
28987
28993
28995
29002
29003
29010
29012
29013
29021
29029
29038
29043
29053
29054
29056
29060
29061
29065
29066
29073
29078
29079
29090
29096
29097
29098
29099
29100
29101
29102
29107
29110
29112
29115
29122
29123
29127
29133
29155
29156
29157
29167
29170
29174
29176
29181
29184
29188
29189
29191
29193
29197
29198
29199
29202
29232
29236
29249
29258
29259
29268
29273
29276
29286
29301
29307
29313
29314
29317
29327
29330
29331
29332
29333
29351
29356
29380
29381
29384
29402
29404
29420
29421
29440
29441
29447
29448
29450
29453
29458
29459
29467
29479
29488
29489
29491
29511
29514
29516
29518
29524
29526
29530
29533
29539
29543
29544
29554
29562
29565
29572
29577
29584
29591
29592
29593
29598
29601
29603
29618
29619
29622
29624
29630
29638
29654
29657
29658
29662
29671
29679
29680
29704
29707
29708
29709
29716
29736
29746
29748
29753
29756
29759
29761
29763
29764
29766
29767
29772
29781
29791
29796
29802
29806
29809
29811
29814
29819
29820
29827
29832
29842
29843
29845
29846
29854
29856
29857
29860
29863
29865
29869
29872
29874
29876
29883
29887
29903
29906
29912
29917
29918
29919
29925
29926
29930
29937
29940
29948
29961
29982
29985
29999
30000
30003
30009
30018
30019
30029
30037
30040
30044
30048
30064
30071
30073
30081
30107
30119
30121
30124
30129
30131
30132
30159
30162
30166
30169
30170
30171
30178
30182
30188
30190
30198
30203
30207
30217
30234
30238
30239
30244
30248
30251
30264
30267
30270
30274
30275
30279
30281
30283
30290
30294
30298
30303
30304
30305
30309
30311
30312
30320
30330
30335
30339
30341
30342
30358
30367
30371
30373
30379
30385
30391
30400
30403
30404
30405
30412
30417
30418
30436
30440
30444
30446
30452
30466
30485
30486
30492
30494
30500
30501
30503
30504
30515
30521
30523
30526
30529
30530
30536
30538
30548
30549
30551
30556
30575
30588
30590
30592
30607
30608
30611
30612
30616
30617
30618
30619
30625
30643
30648
30663
30665
30667
30669
30670
30675
30677
30693
30697
30699
30703
30711
30723
30735
30739
30745
30750
30753
30757
30759
30766
30768
30777
30783
30784
30795
30817
30820
30827
30829
30836
30839
30843
30845
30865
30877
30880
30881
30884
30885
30903
30918
30927
30945
30950
30953
30962
30964
30967
30969
30974
30975
30986
30987
30997
31008
31018
31019
31025
31031
31036
31041
31058
31060
31067
31068
31081
31084
31085
31090
31095
31106
31108
31111
31118
31123
31140
31143
31144
31150
31154
31158
31169
31170
31191
31198
31206
31211
31216
31222
31224
31227
31236
31239
31240
31241
31242
31258
31263
31269
31270
31271
31276
31277
31279
31281
31285
31295
31297
31302
31316
31317
31329
31330
31338
31341
31347
31349
31352
31354
31355
31364
31389
31395
31407
31416
31420
31421
31425
31427
31439
31440
31441
31452
31453
31457
31464
31473
31487
31493
31494
31495
31500
31504
31507
31524
31525
31528
31537
31541
31542
31543
31544
31546
31550
31553
31554
31571
31579
31586
31596
31599
31600
31603
31605
31612
31613
31618
31625
31643
31644
31646
31654
31659
31664
31670
31679
31680
31682
31685
31687
31710
31716
31719
31722
31734
31754
31766
31769
31771
31785
31792
31793
31802
31805
31808
31809
31816
31817
31822
31828
31830
31836
31838
31840
31853
31864
31867
31872
31892
31901
31903
31907
31913
31917
31926
31935
31946
31960
31969
31977
31979
32001
32010
32015
32017
32022
32033
32043
32056
32057
32060
32063
32066
32070
32074
32089
32105
32109
32116
32133
32136
32152
32159
32161
32170
32171
32172
32174
32179
32188
32193
32196
32216
32230
32244
32248
32253
32255
32257
32267
32270
32288
32296
32315
32321
32324
32328
32335
32336
32341
32354
32357
32368
32372
32373
32377
32380
32389
32392
32394
32401
32402
32403
32405
32412
32413
32419
32427
32433
32439
32461
32464
32467
32470
32472
32480
32487
32499
32502
32505
32511
32520
32521
32522
32530
32533
32536
32541
32548
32549
32551
32556
32559
32564
32569
32573
32575
32577
32582
32615
32620
32629
32636
32640
32657
32666
32673
32675
32689
32690
32693
32707
32708
32715
32716
32717
32720
32727
32731
32735
32736
32737
32742
32760
32766
32775
32783
32794
32795
32803
32818
32823
32828
32829
32835
32844
32852
32869
32885
32886
32910
32928
32938
32946
32951
32954
32959
32962
32963
32968
32972
32995
33009
33025
33036
33049
33052
33079
33082
33097
33098
33105
33115
33120
33127
33136
33139
33143
33144
33145
33147
33156
33157
33159
33172
33173
33176
33185
33192
33197
33203
33212
33213
33234
33235
33247
33254
33257
33268
33269
33274
33288
33298
33300
33301
33303
33304
33305
33310
33326
33333
33353
33362
33365
33367
33371
33372
33373
33390
33392
33407
33412
33413
33416
33419
33425
33437
33442
33446
33451
33453
33471
33473
33496
33509
33513
33515
33522
33525
33527
33532
33534
33535
33539
33552
33555
33560
33562
33574
33578
33581
33583
33586
33590
33595
33597
33608
33613
33620
33625
33630
33631
33634
33639
33643
33644
33659
33669
33674
33677
33678
33681
33685
33691
33694
33697
33698
33705
33706
33726
33727
33741
33746
33759
33784
33789
33800
33801
33803
33809
33813
33816
33819
33822
33826
33831
33833
33834
33843
33848
33852
33858
33859
33860
33872
33873
33880
33886
33891
33893
33897
33900
33907
33911
33912
33915
33924
33935
33938
33940
33942
33947
33951
33958
33978
33981
33995
34000
34014
34032
34041
34046
34056
34064
34068
34079
34088
34089
34091
34092
34093
34112
34121
34123
34127
34131
34137
34140
34173
34181
34186
34197
34198
34210
34212
34218
34220
34221
34223
34231
34232
34234
34246
34249
34254
34264
34265
34266
34272
34280
34283
34291
34292
34310
34314
34319
34320
34332
34340
34345
34349
34356
34357
34365
34366
34378
34379
34383
34399
34405
34408
34416
34420
34421
34429
34433
34449
34450
34454
34460
34463
34475
34476
34487
34488
34500
34503
34504
34512
34513
34514
34515
34527
34547
34550
34564
34572
34578
34580
34587
34589
34597
34598
34601
34605
34614
34619
34630
34640
34648
34656
34658
34661
34663
34684
34693
34696
34697
34699
34700
34705
34709
34711
34713
34714
34728
34730
34734
34744
34746
34753
34755
34759
34768
34774
34783
34784
34790
34798
34802
34806
34810
34813
34816
34818
34823
34831
34834
34836
34840
34855
34859
34861
34866
34867
34876
34877
34878
34881
34888
34897
34905
34906
34918
34919
34924
34937
34946
34948
34951
34958
34965
34967
34975
34977
34981
34983
34986
34989
35000
35009
35016
35022
35025
35029
35039
35060
35061
35067
35069
35082
35097
35098
35107
35109
35118
35123
35141
35146
35150
35158
35164
35165
35170
35187
35197
35199
35200
35202
35205
35209
35210
35218
35219
35221
35223
35230
35240
35249
35263
35270
35276
35284
35287
35292
35293
35296
35300
35302
35319
35324
35327
35332
35338
35339
35340
35342
35343
35356
35357
35363
35366
35368
35372
35373
35375
35378
35387
35388
35397
35409
35418
35419
35421
35436
35442
35443
35444
35453
35464
35466
35467
35470
35482
35492
35494
35500
35523
35531
35537
35538
35543
35565
35566
35569
35573
35579
35583
35585
35610
35613
35621
35625
35628
35639
35649
35654
35676
35679
35683
35686
35689
35690
35695
35696
35702
35703
35704
35709
35715
35720
35740
35749
35751
35754
35761
35766
35768
35778
35780
35793
35797
35800
35808
35827
35840
35842
35851
35881
35884
35886
35887
35896
35904
35913
35918
35919
35925
35926
35927
35929
35933
35936
35937
35946
35955
35957
35965
35970
35971
35974
35981
35984
35989
35999
36003
36018
36024
36035
36039
36044
36051
36057
36060
36066
36085
36096
36104
36105
36110
36112
36113
36114
36142
36144
36153
36162
36166
36173
36175
36178
36183
36193
36194
36199
36200
36210
36211
36213
36216
36217
36222
36227
36238
36242
36246
36247
36248
36256
36257
36263
36266
36269
36271
36280
36283
36289
36292
36296
36319
36326
36327
36330
36336
36338
36340
36342
36357
36359
36360
36361
36369
36377
36380
36388
36397
36407
36408
36415
36416
36435
36457
36463
36465
36473
36478
36479
36481
36484
36487
36491
36494
36500
36504
36505
36509
36514
36521
36523
36524
36525
36531
36542
36551
36560
36571
36582
36588
36592
36600
36601
36614
36615
36634
36642
36646
36655
36656
36657
36660
36664
36670
36680
36690
36692
36702
36709
36713
36718
36721
36723
36731
36755
36762
36776
36815
36816
36825
36831
36837
36855
36856
36876
36884
36888
36904
36913
36919
36929
36935
36944
36953
36955
36956
36962
36963
36974
36980
36990
37018
37029
37037
37038
37043
37056
37069
37076
37086
37088
37097
37102
37109
37114
37123
37128
37129
37137
37139
37146
37147
37182
37184
37187
37193
37197
37224
37229
37238
37245
37252
37256
37266
37274
37278
37288
37292
37293
37300
37304
37305
37307
37308
37316
37323
37334
37340
37344
37351
37354
37367
37377
37381
37387
37388
37389
37399
37430
37434
37436
37438
37439
37443
37445
37454
37458
37459
37460
37462
37478
37497
37498
37513
37514
37517
37524
37537
37548
37550
37557
37563
37573
37575
37576
37578
37583
37584
37585
37601
37603
37607
37612
37617
37628
37633
37637
37638
37641
37646
37647
37657
37664
37669
37674
37682
37683
37684
37686
37695
37698
37699
37700
37701
37708
37713
37730
37741
37744
37753
37756
37762
37766
37769
37770
37777
37778
37781
37794
37797
37804
37808
37830
37842
37866
37872
37876
37877
37887
37888
37892
37900
37902
37905
37910
37916
37919
37921
37922
37927
37929
37939
37959
37960
37962
37966
37971
37972
37979
37981
37982
37987
37989
38005
38010
38013
38014
38024
38030
38032
38038
38043
38044
38054
38056
38061
38076
38081
38094
38095
38102
38108
38110
38116
38118
38127
38134
38139
38141
38142
38143
38146
38150
38151
38163
38177
38178
38179
38181
38183
38192
38201
38210
38211
38218
38223
38232
38234
38241
38250
38257
38260
38262
38268
38270
38271
38274
38275
38278
38280
38284
38291
38299
38304
38311
38314
38315
38326
38328
38335
38338
38352
38356
38369
38370
38378
38395
38397
38399
38401
38402
38403
38404
38406
38410
38413
38414
38423
38431
38435
38438
38441
38450
38452
38457
38458
38460
38471
38473
38474
38483
38484
38497
38503
38524
38525
38545
38547
38568
38574
38577
38590
38597
38602
38608
38616
38618
38619
38622
38649
38658
38661
38684
38692
38693
38707
38710
38711
38740
38741
38748
38752
38755
38760
38761
38764
38770
38777
38779
38781
38782
38802
38804
38821
38824
38834
38838
38853
38857
38859
38866
38877
38881
38885
38888
38896
38899
38900
38909
38912
38913
38915
38917
38927
38929
38930
38932
38936
38941
38944
38947
38952
38953
38954
38959
38961
38965
38967
38970
38975
38980
38988
38997
39004
39006
39008
39019
39026
39028
39031
39032
39039
39041
39046
39054
39062
39065
39077
39083
39093
39095
39098
39101
39126
39127
39141
39144
39163
39166
39170
39175
39179
39180
39201
39202
39209
39216
39227
39233
39245
39247
39253
39259
39262
39264
39269
39283
39287
39292
39295
39296
39312
39318
39319
39322
39327
39328
39329
39332
39337
39339
39342
39351
39354
39362
39367
39375
39376
39377
39378
39379
39380
39394
39396
39410
39414
39421
39431
39446
39447
39453
39459
39465
39470
39476
39479
39484
39485
39496
39499
39504
39511
39517
39519
39525
39538
39543
39544
39564
39571
39595
39596
39606
39610
39621
39639
39644
39647
39656
39657
39665
39679
39683
39690
39691
39699
39702
39707
39716
39719
39722
39723
39734
39740
39751
39756
39785
39791
39797
39814
39841
39842
39844
39857
39865
39866
39890
39897
39901
39904
39922
39927
39933
39938
39949
39951
39953
39963
39967
39973
39977
39978
40015
40020
40027
40029
40034
40035
40041
40042
40049
40050
40057
40071
40072
40081
40091
40118
40121
40133
40134
40143
40147
40154
40170
40171
40178
40181
40183
40192
40204
40210
40226
40230
40241
40246
40247
40252
40253
40257
40260
40262
40265
40274
40279
40288
40299
40300
40302
40310
40315
40324
40328
40337
40350
40359
40385
40391
40395
40416
40430
40431
40445
40451
40460
40463
40464
40476
40479
40487
40493
40503
40510
40518
40519
40526
40531
40537
40541
40546
40553
40568
40569
40575
40579
40590
40598
40605
40606
40623
40635
40648
40657
40660
40661
40669
40677
40707
40712
40715
40725
40729
40743
40750
40756
40758
40762
40767
40771
40779
40786
40789
40794
40795
40801
40804
40812
40847
40861
40866
40868
40869
40872
40873
40874
40879
40884
40889
40897
40901
40910
40913
40914
40915
40917
40922
40931
40932
40934
40937
40945
40956
40962
40974
40980
40996
41003
41009
41018
41023
41033
41039
41045
41046
41067
41079
41085
41095
41106
41109
41110
41112
41118
41128
41134
41135
41141
41143
41147
41148
41151
41157
41174
41178
41183
41184
41192
41200
41207
41245
41250
41255
41257
41273
41275
41284
41294
41298
41303
41315
41316
41321
41337
41338
41344
41345
41357
41360
41361
41380
41389
41394
41399
41422
41425
41437
41439
41441
41450
41453
41461
41474
41476
41479
41481
41482
41493
41495
41496
41503
41510
41522
41524
41531
41537
41540
41544
41555
41556
41558
41565
41572
41578
41599
41600
41601
41604
41611
41621
41631
41640
41646
41648
41651
41657
41660
41661
41663
41672
41674
41676
41679
41682
41706
41713
41721
41722
41732
41734
41736
41745
41747
41749
41752
41753
41757
41761
41767
41780
41786
41800
41806
41816
41828
41838
41840
41865
41868
41872
41873
41874
41881
41884
41890
41891
41898
41911
41935
41939
41955
41957
41961
41966
41976
41985
41989
42010
42012
42021
42024
42031
42032
42035
42037
42045
42057
42062
42066
42072
42083
42104
42106
42112
42113
42117
42121
42139
42149
42152
42160
42167
42173
42178
42193
42205
42207
42211
42215
42235
42243
42253
42259
42269
42277
42280
42281
42290
42292
42298
42306
42324
42327
42340
42349
42377
42382
42383
42385
42387
42389
42396
42401
42412
42427
42429
42430
42437
42445
42447
42449
42460
42472
42474
42476
42478
42509
42510
42518
42532
42546
42562
42563
42574
42579
42580
42583
42585
42597
42598
42600
42603
42605
42609
42613
42622
42626
42643
42650
42672
42673
42674
42675
42678
42686
42694
42695
42705
42710
42715
42723
42724
42742
42743
42746
42750
42765
42766
42772
42773
42782
42784
42786
42792
42801
42803
42810
42811
42820
42823
42830
42835
42846
42847
42850
42851
42861
42864
42867
42871
42876
42879
42892
42894
42903
42912
42921
42924
42925
42930
42933
42938
42940
42941
42944
42960
42968
42970
42977
42983
42997
42999
43000
43008
43016
43025
43033
43035
43042
43045
43051
43055
43063
43066
43068
43075
43076
43078
43089
43093
43101
43106
43113
43129
43149
43153
43156
43158
43178
43179
43181
43185
43189
43193
43196
43200
43207
43211
43222
43226
43236
43250
43252
43253
43256
43265
43267
43268
43269
43279
43287
43288
43293
43300
43305
43311
43316
43326
43329
43332
43336
43339
43353
43356
43359
43362
43369
43375
43380
43386
43398
43401
43405
43434
43447
43449
43450
43455
43460
43464
43473
43478
43483
43498
43501
43524
43536
43540
43553
43554
43561
43566
43581
43584
43601
43607
43612
43621
43649
43651
43652
43655
43664
43665
43668
43676
43684
43690
43692
43694
43695
43702
43705
43712
43719
43742
43743
43765
43768
43775
43776
43782
43784
43789
43803
43807
43818
43820
43824
43834
43835
43839
43846
43847
43848
43853
43854
43859
43861
43864
43876
43877
43880
43881
43883
43887
43890
43897
43905
43914
43924
43933
43942
43943
43946
43950
43961
43969
43975
43981
44002
44006
44018
44019
44021
44023
44029
44032
44036
44039
44040
44052
44054
44056
44058
44061
44067
44075
44081
44086
44089
44095
44101
44112
44121
44130
44138
44146
44148
44155
44156
44158
44164
44172
44174
44175
44176
44177
44182
44202
44203
44206
44210
44224
44230
44236
44238
44240
44245
44248
44262
44287
44291
44296
44309
44311
44321
44324
44333
44334
44344
44350
44359
44362
44364
44366
44367
44372
44378
44385
44393
44411
44420
44422
44425
44428
44448
44459
44464
44465
44476
44477
44487
44489
44497
44504
44507
44517
44530
44533
44536
44537
44539
44542
44546
44547
44548
44551
44552
44560
44563
44568
44581
44583
44593
44603
44605
44607
44613
44617
44618
44619
44626
44627
44630
44635
44638
44646
44649
44654
44658
44661
44666
44671
44673
44674
44677
44688
44698
44699
44700
44704
44712
44717
44722
44724
44725
44745
44748
44761
44772
44784
44789
44794
44802
44803
44817
44844
44847
44853
44864
44865
44866
44868
44875
44876
44879
44880
44885
44904
44905
44909
44917
44930
44932
44944
44950
44958
44963
44972
44973
44974
44976
44999
45004
45006
45022
45024
45051
45054
45055
45058
45065
45078
45087
45110
45114
45115
45121
45127
45132
45137
45142
45148
45156
45161
45162
45163
45171
45172
45201
45206
45212
45223
45226
45229
45236
45249
45257
45289
45294
45298
45301
45303
45305
45309
45312
45313
45327
45329
45332
45337
45338
45364
45368
45374
45378
45388
45390
45391
45393
45394
45398
45412
45415
45431
45432
45443
45448
45450
45463
45468
45476
45490
45493
45494
45500
45506
45509
45518
45524
45526
45534
45546
45553
45562
45563
45574
45583
45587
45601
45615
45618
45632
45641
45644
45654
45666
45672
45681
45684
45698
45699
45700
45704
45725
45737
45758
45774
45778
45795
45807
45815
45818
45821
45822
45825
45827
45833
45836
45843
45858
45868
45870
45880
45903
45906
45907
45912
45916
45917
45923
45943
45962
45964
45970
45976
45978
45993
45996
46002
46013
46014
46027
46031
46045
46047
46057
46062
46063
46066
46074
46089
46091
46098
46109
46117
46123
46138
46140
46141
46145
46157
46158
46175
46187
46190
46199
46207
46212
46222
46224
46234
46239
46240
46250
46257
46266
46273
46277
46281
46282
46291
46300
46310
46316
46319
46320
46335
46336
46337
46346
46350
46351
46354
46356
46368
46371
46401
46403
46404
46409
46416
46417
46419
46421
46422
46426
46435
46438
46439
46442
46446
46448
46462
46483
46489
46507
46536
46537
46540
46542
46545
46546
46554
46571
46574
46592
46594
46597
46600
46618
46620
46626
46628
46634
46635
46648
46649
46655
46667
46670
46673
46677
46692
46696
46715
46716
46717
46721
46729
46730
46733
46739
46755
46758
46760
46788
46791
46794
46796
46799
46805
46819
46821
46822
46823
46832
46835
46849
46873
46881
46895
46899
46900
46901
46907
46915
46921
46924
46934
46941
46957
46964
46966
46975
46977
46981
47001
47005
47007
47014
47023
47025
47029
47032
47035
47039
47065
47066
47070
47073
47082
47083
47086
47091
47092
47095
47096
47099
47103
47108
47114
47132
47136
47137
47143
47148
47153
47158
47174
47177
47185
47206
47210
47212
47213
47224
47241
47250
47257
47271
47273
47274
47281
47292
47294
47310
47321
47327
47333
47336
47338
47342
47347
47348
47349
47353
47359
47366
47368
47369
47374
47378
47383
47391
47392
47400
47403
47404
47406
47414
47449
47451
47453
47457
47460
47471
47475
47477
47494
47499
47501
47512
47532
47546
47550
47557
47559
47561
47562
47563
47578
47581
47586
47587
47592
47601
47617
47622
47626
47649
47651
47655
47657
47662
47668
47671
47673
47676
47689
47694
47696
47702
47724
47729
47730
47747
47748
47749
47752
47755
47761
47769
47770
47776
47779
47783
47785
47793
47804
47811
47827
47832
47837
47841
47851
47855
47861
47872
47876
47885
47887
47888
47896
47902
47925
47926
47943
47952
47954
47959
47966
47996
47998
48018
48024
48032
48033
48038
48044
48067
48074
48076
48077
48078
48083
48086
48106
48120
48125
48128
48129
48131
48137
48139
48144
48147
48150
48152
48159
48163
48164
48173
48176
48184
48187
48195
48201
48202
48205
48208
48225
48227
48234
48235
48239
48240
48247
48248
48249
48255
48263
48266
48270
48283
48286
48300
48305
48312
48322
48324
48331
48334
48335
48336
48343
48345
48357
48364
48366
48370
48371
48373
48375
48382
48386
48419
48423
48435
48437
48446
48452
48472
48478
48483
48486
48489
48496
48504
48505
48506
48507
48515
48517
48536
48537
48548
48560
48561
48562
48587
48590
48606
48608
48615
48622
48629
48633
48634
48635
48650
48651
48657
48659
48663
48664
48666
48667
48671
48672
48675
48684
48688
48691
48695
48699
48704
48709
48729
48744
48746
48747
48775
48780
48785
48786
48789
48790
48792
48794
48804
48814
48816
48819
48820
48825
48831
48837
48839
48842
48857
48876
48881
48883
48894
48897
48904
48914
48915
48916
48917
48920
48921
48930
48935
48947
48948
48954
48958
48960
48965
48966
48974
48980
48981
48986
48989
48990
48992
49001
49003
49004
49007
49008
49015
49022
49025
49027
49032
49055
49059
49063
49064
49069
49071
49073
49076
49077
49080
49087
49089
49090
49100
49103
49105
49107
49114
49126
49129
49130
49141
49144
49159
49162
49166
49171
49172
49179
49181
49188
49192
49195
49202
49205
49212
49226
49231
49246
49248
49251
49255
49257
49260
49266
49273
49275
49278
49280
49282
49295
49301
49314
49315
49325
49330
49337
49338
49339
49352
49354
49356
49357
49365
49370
49371
49383
49384
49391
49394
49401
49412
49413
49432
49460
49464
49470
49473
49476
49481
49482
49497
49512
49516
49522
49525
49527
49529
49533
49537
49545
49547
49556
49558
49561
49572
49574
49577
49588
49591
49593
49596
49602
49611
49619
49627
49630
49635
49636
49639
49647
49658
49659
49662
49665
49672
49682
49685
49690
49700
49701
49704
49715
49716
49727
49738
49755
49769
49784
49794
49806
49814
49815
49819
49822
49828
49831
49837
49840
49847
49857
49864
49868
49872
49874
49887
49904
49908
49910
49916
49917
49926
49928
49930
49937
49938
49940
49945
49954
49967
49983
49984
49988
49990
49991
50013
50018
50021
50027
50031
50037
50063
50068
50069
50077
50078
50082
50090
50093
50095
50101
50103
50112
50115
50116
50124
50126
50127
50129
50131
50133
50151
50156
50157
50158
50170
50173
50190
50196
50205
50207
50208
50209
50215
50225
50234
50243
50244
50256
50259
50261
50265
50286
50299
50301
50303
50313
50314
50324
50329
50332
50335
50345
50347
50357
50361
50368
50377
50380
50382
50395
50398
50413
50417
50423
50445
50446
50450
50453
50456
50465
50467
50482
50487
50496
50497
50499
50501
50504
50507
50515
50517
50518
50519
50525
50531
50539
50542
50544
50551
50552
50553
50555
50558
50565
50566
50570
50573
50578
50585
50587
50590
50591
50593
50599
50601
50606
50622
50627
50632
50635
50636
50653
50655
50666
50673
50681
50686
50689
50696
50697
50705
50707
50720
50721
50723
50724
50725
50728
50738
50739
50741
50749
50752
50760
50775
50776
50784
50788
50790
50793
50800
50801
50802
50805
50809
50810
50817
50820
50833
50835
50849
50876
50877
50886
50887
50899
50900
50908
50913
50917
50918
50928
50929
50931
50933
50940
50944
50947
50957
50962
50963
50968
50975
50978
50982
50984
50987
50994
50999
51003
51005
51009
51014
51016
51018
51022
51024
51030
51031
51036
51039
51048
51054
51056
51067
51070
51075
51077
51086
51091
51097
51103
51114
51119
51123
51126
51128
51137
51139
51144
51162
51165
51169
51171
51177
51183
51189
51202
51207
51208
51209
51210
51233
51236
51239
51241
51244
51246
51249
51252
51259
51269
51287
51296
51300
51310
51311
51318
51330
51334
51347
51363
51374
51382
51400
51405
51411
51412
51425
51434
51437
51449
51456
51462
51465
51469
51477
51486
51495
51502
51516
51517
51518
51525
51535
51537
51539
51546
51549
51551
51552
51553
51566
51570
51581
51589
51592
51597
51601
51607
51613
51616
51623
51629
51635
51649
51651
51652
51663
51669
51671
51676
51677
51695
51696
51704
51706
51723
51725
51728
51734
51735
51736
51742
51744
51753
51760
51767
51773
51777
51783
51797
51806
51808
51809
51813
51815
51847
51852
51863
51868
51871
51892
51897
51908
51917
51919
51929
51935
51939
51951
51954
51955
51957
51959
51965
51971
51973
51976
52004
52018
52026
52027
52030
52043
52044
52045
52051
52052
52053
52056
52059
52064
52075
52077
52081
52083
52094
52095
52098
52099
52115
52137
52141
52156
52157
52161
52164
52167
52171
52175
52179
52182
52184
52187
52194
52197
52203
52220
52224
52237
52239
52249
52250
52251
52260
52263
52267
52269
52276
52279
52281
52294
52300
52306
52310
52311
52320
52333
52339
52350
52361
52363
52376
52381
52398
52405
52410
52413
52418
52421
52425
52434
52445
52454
52460
52462
52469
52474
52476
52481
52487
52501
52503
52507
52508
52511
52513
52516
52528
52532
52533
52537
52545
52576
52594
52596
52603
52606
52617
52622
52634
52641
52642
52646
52658
52682
52690
52697
52703
52704
52714
52720
52724
52727
52729
52737
52762
52765
52767
52771
52780
52783
52795
52799
52821
52832
52840
52846
52848
52850
52852
52855
52865
52866
52867
52875
52876
52880
52881
52890
52894
52908
52918
52920
52922
52925
52928
52930
52934
52939
52951
52953
52955
52966
52971
52973
52977
52979
52986
52988
52990
53019
53034
53036
53044
53048
53051
53058
53064
53066
53078
53086
53089
53102
53104
53109
53116
53117
53125
53127
53130
53131
53135
53138
53139
53142
53146
53151
53160
53165
53171
53172
53178
53186
53189
53192
53194
53201
53207
53221
53224
53226
53228
53230
53239
53243
53244
53248
53251
53254
53257
53265
53288
53289
53295
53311
53313
53342
53352
53367
53390
53394
53396
53403
53408
53410
53413
53420
53421
53427
53429
53438
53439
53442
53446
53471
53479
53480
53490
53494
53506
53512
53515
53527
53529
53534
53535
53538
53545
53549
53556
53557
53564
53566
53576
53579
53584
53593
53610
53613
53616
53620
53625
53626
53628
53633
53635
53640
53641
53647
53656
53660
53672
53685
53688
53690
53691
53694
53700
53715
53736
53737
53758
53762
53764
53767
53771
53775
53780
53786
53793
53794
53799
53801
53804
53815
53819
53824
53827
53830
53832
53835
53845
53852
53853
53855
53870
53876
53885
53889
53891
53894
53896
53905
53909
53917
53922
53927
53944
53946
53950
53956
53960
53971
53980
53992
53994
53996
53998
54004
54012
54020
54026
54032
54038
54043
54059
54062
54063
54069
54073
54079
54086
54092
54096
54097
54111
54112
54114
54116
54121
54125
54140
54150
54152
54166
54175
54180
54181
54183
54186
54210
54212
54216
54230
54231
54262
54263
54266
54289
54300
54302
54308
54321
54323
54327
54328
54329
54332
54341
54377
54383
54387
54388
54392
54401
54410
54412
54413
54423
54430
54442
54447
54459
54461
54470
54484
54486
54487
54502
54516
54530
54535
54542
54550
54554
54576
54581
54582
54587
54589
54592
54607
54612
54613
54624
54632
54636
54637
54649
54652
54660
54662
54672
54674
54685
54687
54688
54691
54700
54704
54706
54709
54710
54723
54726
54730
54740
54750
54764
54779
54783
54785
54792
54800
54806
54810
54811
54818
54819
54823
54835
54845
54846
54851
54868
54870
54871
54872
54874
54878
54887
54892
54893
54894
54896
54913
54915
54918
54922
54933
54936
54937
54939
54940
54949
54981
54982
55015
55016
55017
55020
55022
55030
55033
55051
55069
55079
55098
55099
55104
55107
55114
55139
55140
55141
55145
55151
55156
55162
55167
55169
55175
55177
55179
55182
55189
55194
55195
55197
55200
55201
55205
55210
55226
55238
55239
55242
55249
55250
55252
55257
55263
55270
55276
55284
55286
55293
55296
55299
55302
55307
55309
55331
55335
55347
55363
55367
55371
55380
55385
55391
55395
55416
55426
55434
55435
55437
55445
55450
55455
55457
55467
55475
55481
55486
55494
55501
55504
55508
55512
55516
55519
55526
55527
55531
55533
55535
55539
55561
55568
55574
55576
55590
55597
55599
55605
55609
55613
55616
55625
55627
55630
55650
55653
55660
55664
55669
55675
55685
55688
55697
55706
55711
55717
55726
55740
55741
55742
55744
55752
55772
55773
55778
55782
55786
55787
55790
55792
55808
55815
55833
55834
55842
55843
55845
55847
55864
55867
55871
55876
55881
55885
55892
55895
55896
55897
55899
55904
55905
55913
55921
55924
55926
55929
55945
55948
55952
55968
55986
55989
55995
56013
56022
56023
56024
56025
56042
56045
56051
56053
56061
56064
56074
56076
56077
56082
56088
56094
56105
56106
56109
56110
56111
56113
56146
56170
56173
56176
56178
56187
56193
56195
56197
56231
56242
56244
56247
56248
56259
56261
56262
56265
56280
56282
56287
56288
56300
56301
56309
56312
56334
56350
56355
56356
56359
56360
56366
56370
56385
56404
56408
56413
56419
56422
56425
56435
56438
56439
56445
56456
56461
56462
56465
56467
56472
56481
56482
56493
56494
56498
56503
56509
56522
56529
56537
56546
56548
56551
56558
56561
56563
56572
56574
56575
56582
56586
56601
56603
56604
56616
56625
56633
56642
56651
56665
56670
56680
56682
56684
56695
56698
56700
56717
56718
56734
56739
56744
56747
56752
56753
56754
56755
56760
56772
56777
56784
56786
56788
56790
56791
56794
56798
56801
56808
56810
56814
56817
56823
56829
56830
56834
56836
56839
56840
56841
56844
56848
56854
56863
56866
56870
56872
56873
56878
56883
56885
56886
56890
56894
56896
56898
56901
56904
56909
56915
56936
56938
56939
56940
56941
56950
56954
56961
56969
56971
56973
57016
57022
57024
57028
57039
57050
57055
57058
57066
57067
57070
57079
57086
57126
57129
57150
57159
57161
57162
57166
57168
57169
57178
57185
57186
57188
57189
57195
57205
57208
57210
57215
57227
57233
57243
57244
57250
57255
57264
57265
57267
57268
57270
57278
57283
57288
57295
57301
57309
57328
57331
57334
57336
57355
57360
57374
57376
57379
57383
57388
57393
57395
57396
57397
57399
57421
57429
57432
57437
57441
57447
57452
57455
57456
57460
57465
57467
57471
57472
57481
57499
57500
57514
57517
57521
57535
57548
57549
57552
57554
57556
57559
57561
57565
57584
57585
57602
57606
57608
57614
57615
57616
57631
57642
57645
57649
57666
57668
57670
57674
57675
57678
57681
57688
57689
57693
57698
57703
57714
57715
57723
57741
57751
57756
57760
57762
57763
57774
57791
57792
57795
57798
57807
57820
57822
57838
57840
57841
57848
57852
57853
57854
57870
57875
57893
57900
57903
57913
57914
57915
57929
57930
57934
57941
57943
57944
57945
57973
57974
57976
57986
57988
57991
57992
57994
58001
58003
58006
58012
58018
58052
58054
58065
58073
58090
58102
58112
58123
58129
58138
58156
58160
58163
58164
58165
58168
58177
58185
58186
58196
58202
58206
58210
58226
58236
58242
58249
58259
58274
58275
58282
58293
58296
58328
58337
58356
58362
58364
58365
58366
58369
58379
58390
58394
58395
58397
58408
58409
58410
58422
58423
58426
58429
58433
58458
58463
58467
58472
58487
58492
58496
58497
58502
58503
58517
58518
58539
58543
58566
58573
58577
58578
58580
58583
58596
58598
58603
58608
58621
58623
58629
58636
58641
58649
58652
58655
58660
58663
58692
58698
58711
58716
58717
58719
58725
58728
58734
58737
58739
58752
58759
58765
58773
58775
58777
58779
58780
58790
58791
58793
58794
58802
58807
58814
58829
58837
58840
58842
58843
58847
58858
58862
58874
58875
58891
58894
58897
58905
58909
58928
58929
58938
58949
58951
58968
58969
58971
58977
58981
58986
58987
58992
59000
59004
59025
59031
59033
59037
59055
59056
59059
59061
59065
59075
59082
59100
59103
59114
59116
59121
59125
59127
59129
59130
59138
59140
59141
59145
59147
59154
59156
59159
59167
59168
59196
59204
59222
59230
59233
59235
59245
59252
59259
59265
59268
59272
59281
59286
59288
59290
59296
59301
59310
59317
59325
59330
59339
59340
59342
59348
59349
59356
59363
59364
59382
59385
59394
59404
59409
59423
59427
59431
59436
59441
59444
59446
59449
59455
59456
59462
59465
59467
59475
59477
59480
59494
59498
59514
59528
59534
59540
59543
59545
59547
59548
59549
59553
59572
59573
59575
59578
59591
59595
59620
59621
59627
59636
59643
59648
59652
59683
59692
59694
59709
59716
59717
59718
59719
59721
59725
59735
59744
59758
59765
59774
59777
59787
59789
59792
59816
59821
59822
59824
59826
59828
59851
59856
59857
59859
59868
59876
59880
59883
59885
59911
59915
59932
59933
59939
59941
59944
59948
59955
59963
59966
59967
59973
59992
59996
60000
60006
60010
60013
60016
60017
60018
60028
60034
60050
60055
60063
60081
60083
60091
60098
60100
60108
60109
60113
60161
60167
60170
60178
60186
60187
60190
60200
60202
60210
60219
60222
60227
60228
60231
60236
60240
60243
60244
60247
60277
60281
60292
60298
60301
60306
60307
60317
60318
60320
60328
60329
60342
60343
60348
60357
60367
60382
60388
60401
60404
60405
60408
60418
60423
60424
60432
60435
60443
60447
60455
60466
60470
60480
60481
60488
60490
60496
60508
60511
60513
60517
60522
60532
60536
60540
60542
60550
60551
60554
60556
60563
60565
60569
60572
60577
60604
60607
60622
60626
60628
60632
60636
60643
60645
60655
60669
60676
60685
60691
60694
60728
60732
60743
60752
60753
60763
60765
60782
60791
60795
60796
60799
60806
60815
60817
60818
60825
60827
60831
60837
60839
60849
60855
60870
60889
60892
60895
60898
60907
60909
60910
60912
60919
60923
60928
60929
60945
60946
60954
60957
60966
60967
60968
60990
60992
60998
61004
61007
61009
61012
61059
61063
61068
61075
61092
61111
61117
61120
61122
61126
61138
61141
61165
61175
61176
61178
61182
61185
61187
61201
61206
61208
61212
61220
61225
61243
61254
61256
61266
61269
61270
61275
61278
61281
61283
61295
61300
61305
61309
61317
61328
61334
61336
61342
61344
61349
61350
61355
61360
61361
61372
61375
61376
61377
61378
61379
61380
61388
61389
61390
61397
61402
61412
61418
61436
61447
61453
61455
61463
61496
61501
61503
61504
61511
61513
61522
61523
61535
61543
61545
61548
61557
61567
61570
61571
61572
61577
61578
61579
61584
61594
61613
61627
61629
61637
61646
61654
61661
61668
61670
61671
61674
61679
61687
61688
61703
61704
61708
61714
61717
61725
61731
61733
61742
61746
61749
61787
61790
61797
61803
61808
61846
61869
61872
61877
61880
61886
61887
61904
61906
61916
61919
61920
61921
61925
61929
61935
61951
61957
61963
61966
61967
61977
61979
61985
61989
61995
61997
62000
62021
62030
62031
62038
62047
62050
62055
62085
62091
62092
62101
62102
62107
62113
62116
62120
62123
62126
62137
62145
62151
62166
62172
62179
62181
62205
62214
62216
62226
62228
62242
62246
62249
62253
62258
62274
62296
62298
62309
62319
62320
62326
62329
62332
62333
62337
62342
62343
62345
62354
62361
62372
62375
62378
62379
62380
62381
62387
62391
62399
62405
62414
62425
62427
62440
62445
62450
62454
62456
62458
62468
62482
62493
62504
62505
62519
62520
62525
62527
62537
62538
62564
62570
62579
62580
62582
62583
62586
62590
62594
62599
62607
62616
62623
62624
62627
62640
62642
62652
62653
62657
62661
62662
62670
62675
62683
62686
62690
62691
62695
62712
62713
62719
62721
62730
62732
62739
62742
62746
62749
62757
62762
62767
62779
62782
62806
62815
62819
62833
62839
62843
62845
62851
62852
62854
62863
62879
62882
62886
62891
62892
62893
62902
62907
62914
62924
62926
62929
62934
62946
62955
62956
62960
62962
62971
62974
62979
62982
62987
62988
62992
62998
63015
63025
63041
63054
63057
63059
63060
63068
63093
63106
63115
63116
63123
63124
63129
63130
63137
63142
63147
63159
63162
63170
63199
63209
63210
63227
63237
63247
63253
63258
63260
63268
63272
63275
63280
63281
63288
63292
63313
63315
63341
63346
63366
63382
63394
63403
63404
63412
63416
63420
63424
63429
63431
63447
63454
63459
63462
63466
63469
63483
63492
63501
63510
63513
63525
63530
63537
63553
63556
63560
63564
63568
63569
63575
63576
63579
63582
63585
63588
63589
63597
63601
63605
63607
63608
63611
63615
63616
63621
63637
63640
63669
63684
63690
63699
63703
63706
63707
63709
63712
63721
63733
63735
63742
63745
63747
63754
63760
63779
63781
63782
63784
63789
63804
63807
63810
63812
63813
63818
63822
63831
63832
63833
63839
63855
63858
63868
63884
63896
63913
63921
63923
63925
63926
63928
63933
63938
63939
63951
63952
63960
63961
63965
63967
63973
63977
63982
63983
63984
63986
64013
64019
64026
64036
64056
64064
64072
64074
64083
64084
64097
64102
64103
64112
64115
64116
64118
64119
64122
64124
64133
64137
64143
64149
64152
64164
64167
64169
64176
64182
64187
64191
64195
64197
64203
64205
64214
64215
64221
64233
64243
64245
64251
64261
64273
64286
64289
64290
64291
64309
64314
64315
64320
64325
64341
64354
64355
64357
64368
64374
64389
64400
64416
64420
64421
64431
64436
64439
64440
64449
64455
64456
64465
64466
64468
64474
64492
64503
64507
64512
64518
64521
64527
64531
64536
64543
64547
64560
64574
64576
64578
64584
64593
64596
64599
64631
64632
64634
64636
64639
64645
64647
64650
64652
64673
64677
64681
64707
64709
64710
64714
64718
64720
64743
64749
64755
64756
64763
64774
64776
64779
64780
64785
64786
64790
64801
64804
64806
64811
64813
64816
64821
64823
64837
64844
64847
64848
64856
64862
64868
64871
64881
64882
64886
64887
64894
64896
64923
64924
64940
64945
64959
64967
64970
64972
64986
64989
65001
65004
65008
65009
65010
65012
65021
65036
65039
65040
65047
65055
65060
65073
65077
65081
65086
65087
65089
65110
65112
65116
65125
65134
65150
65151
65157
65163
65165
65171
65180
65182
65185
65187
65193
65202
65205
65207
65213
65215
65231
65234
65247
65260
65265
65277
65289
65291
65294
65296
65298
65305
65308
65311
65315
65316
65318
65323
65325
65326
65349
65350
65352
65358
65362
65366
65370
65382
65384
65404
65407
65410
65420
65426
65433
65442
65456
65458
65469
65470
65471
65481
65483
65497
65498
65502
65507
65511
65517
65521
65524
65531
65548
65552
65556
65561
65564
65566
65571
65574
65576
65578
65579
65581
65603
65604
65605
65613
65620
65626
65627
65633
65641
65646
65652
65655
65678
65680
65683
65691
65707
65717
65723
65729
65732
65735
65771
65788
65792
65800
65802
65818
65823
65826
65833
65834
65846
65869
65878
65880
65884
65890
65902
65908
65917
65919
65925
65928
65932
65943
65949
65951
65957
65980
65981
66002
66003
66016
66018
66022
66046
66050
66056
66062
66063
66064
66069
66071
66076
66087
66089
66097
66110
66112
66121
66122
66126
66128
66133
66149
66154
66164
66166
66171
66173
66182
66183
66187
66195
66215
66223
66224
66226
66239
66241
66250
66252
66260
66264
66279
66280
66286
66300
66307
66318
66320
66324
66327
66329
66338
66357
66361
66367
66384
66391
66395
66398
66399
66413
66422
66435
66436
66439
66458
66459
66462
66463
66467
66469
66470
66473
66474
66475
66478
66484
66492
66501
66516
66528
66533
66537
66543
66545
66546
66547
66570
66574
66575
66584
66585
66588
66597
66604
66606
66608
66613
66622
66623
66631
66634
66640
66642
66645
66657
66659
66664
66670
66676
66682
66684
66685
66689
66694
66696
66698
66705
66711
66715
66724
66728
66733
66737
66738
66744
66748
66752
66753
66756
66761
66764
66765
66790
66791
66794
66798
66816
66830
66832
66850
66862
66878
66887
66891
66901
66908
66917
66919
66925
66929
66948
66949
66953
66958
66968
66972
66975
66984
66985
66986
66987
66993
66997
66999
67001
67002
67003
67008
67013
67016
67019
67024
67041
67043
67073
67074
67077
67085
67088
67096
67108
67110
67120
67123
67124
67127
67130
67138
67149
67150
67152
67153
67155
67156
67158
67159
67171
67176
67177
67184
67191
67197
67202
67203
67219
67220
67228
67244
67246
67268
67285
67286
67299
67302
67308
67312
67315
67319
67325
67327
67329
67340
67343
67346
67354
67357
67367
67377
67378
67384
67387
67392
67393
67395
67407
67408
67415
67418
67419
67430
67437
67442
67454
67465
67468
67469
67470
67477
67486
67512
67516
67521
67532
67538
67543
67551
67554
67563
67566
67568
67569
67587
67596
67597
67599
67601
67607
67615
67617
67624
67627
67632
67636
67644
67645
67649
67650
67653
67657
67668
67679
67682
67686
67688
67695
67712
67713
67714
67716
67719
67720
67721
67723
67725
67741
67744
67745
67758
67780
67787
67791
67804
67807
67811
67834
67838
67842
67861
67863
67869
67870
67871
67873
67877
67879
67882
67883
67896
67897
67899
67902
67913
67921
67928
67930
67933
67939
67957
67969
67980
67983
67988
67992
67994
68010
68019
68024
68026
68028
68039
68046
68056
68061
68075
68076
68092
68096
68097
68098
68107
68120
68123
68130
68132
68136
68147
68153
68156
68169
68175
68177
68185
68190
68191
68197
68205
68211
68217
68219
68228
68236
68238
68243
68246
68263
68265
68268
68274
68276
68279
68283
68288
68293
68304
68305
68310
68323
68324
68326
68328
68332
68340
68344
68348
68363
68368
68385
68387
68388
68392
68393
68403
68412
68419
68421
68423
68427
68431
68436
68441
68445
68446
68447
68449
68455
68459
68476
68477
68479
68495
68498
68500
68503
68506
68507
68515
68521
68524
68528
68531
68532
68535
68537
68555
68558
68559
68565
68571
68576
68585
68608
68630
68631
68638
68639
68649
68653
68654
68659
68664
68669
68689
68692
68699
68700
68717
68737
68741
68745
68760
68766
68773
68774
68785
68798
68807
68825
68831
68833
68834
68846
68848
68852
68855
68858
68863
68865
68872
68874
68878
68883
68891
68897
68903
68907
68908
68927
68929
68932
68937
68943
68944
68953
68960
68967
68969
68975
68980
68998
69002
69007
69019
69027
69036
69050
69055
69057
69069
69074
69077
69078
69082
69104
69124
69137
69138
69144
69153
69157
69165
69166
69174
69177
69179
69184
69190
69191
69204
69206
69208
69210
69212
69220
69240
69249
69251
69253
69259
69266
69268
69281
69284
69287
69288
69293
69294
69297
69304
69316
69320
69324
69328
69330
69335
69337
69339
69359
69370
69386
69403
69415
69417
69422
69428
69433
69435
69438
69441
69442
69443
69445
69449
69450
69452
69460
69463
69470
69472
69473
69482
69485
69487
69492
69493
69507
69508
69523
69527
69531
69533
69540
69546
69550
69569
69579
69593
69594
69601
69607
69618
69623
69628
69655
69660
69663
69665
69682
69688
69691
69700
69703
69704
69706
69707
69708
69715
69720
69726
69738
69744
69755
69757
69760
69795
69799
69809
69810
69811
69816
69824
69835
69837
69839
69840
69842
69843
69847
69848
69850
69851
69858
69877
69878
69880
69885
69886
69901
69902
69913
69917
69934
69948
69952
69956
69957
69959
69968
69978
69979
69987
70003
70010
70012
70017
70021
70024
70029
70030
70035
70041
70045
70049
70060
70079
70081
70084
70087
70092
70093
70100
70104
70110
70112
70114
70117
70119
70124
70132
70138
70154
70162
70164
70170
70172
70175
70186
70190
70192
70206
70211
70214
70220
70225
70227
70231
70243
70256
70261
70268
70289
70299
70303
70313
70314
70315
70317
70320
70325
70334
70349
70353
70355
70356
70360
70380
70383
70387
70392
70401
70403
70404
70408
70418
70431
70437
70439
70450
70456
70476
70477
70486
70497
70517
70523
70524
70527
70535
70536
70541
70551
70553
70561
70565
70570
70572
70575
70578
70580
70585
70587
70589
70590
70591
70602
70605
70611
70613
70618
70630
70633
70637
70638
70645
70649
70650
70662
70674
70678
70692
70693
70698
70707
70709
70721
70732
70737
70743
70754
70756
70760
70761
70769
70781
70783
70787
70795
70797
70798
70801
70803
70816
70817
70819
70820
70825
70835
70840
70845
70850
70852
70854
70858
70874
70885
70886
70889
70892
70894
70902
70905
70908
70913
70918
70920
70935
70940
70954
70956
70959
70965
70970
70978
70980
70981
70982
70988
70999
71017
71018
71021
71024
71027
71033
71034
71039
71043
71052
71055
71058
71060
71075
71077
71085
71104
71110
71119
71124
71125
71127
71141
71150
71156
71169
71174
71179
71182
71188
71195
71200
71213
71214
71222
71223
71226
71228
71230
71231
71237
71252
71260
71269
71270
71273
71279
71295
71296
71299
71303
71329
71330
71334
71335
71339
71345
71349
71354
71356
71361
71370
71371
71377
71381
71391
71393
71404
71406
71407
71419
71427
71429
71432
71436
71440
71442
71447
71455
71469
71473
71477
71482
71495
71502
71507
71510
71514
71521
71540
71547
71565
71571
71574
71578
71582
71586
71597
71604
71626
71634
71643
71644
71650
71657
71664
71676
71678
71689
71694
71703
71705
71709
71727
71732
71736
71739
71743
71750
71754
71760
71771
71773
71777
71787
71791
71793
71796
71807
71816
71828
71845
71847
71848
71852
71867
71869
71872
71885
71892
71893
71902
71905
71910
71911
71913
71915
71916
71918
71926
71929
71931
71950
71955
71958
71959
71960
71966
71989
71991
72006
72021
72024
72028
72035
72041
72042
72045
72046
72049
72051
72061
72064
72067
72068
72073
72075
72091
72097
72100
72102
72106
72116
72120
72122
72126
72130
72145
72160
72162
72166
72171
72172
72173
72191
72192
72201
72202
72207
72216
72222
72231
72236
72237
72241
72242
72245
72254
72256
72258
72259
72266
72267
72268
72271
72298
72305
72311
72325
72329
72332
72334
72337
72338
72339
72343
72346
72381
72388
72394
72395
72399
72400
72406
72407
72414
72425
72428
72429
72430
72441
72446
72459
72460
72461
72479
72486
72493
72495
72497
72499
72511
72519
72524
72525
72542
72545
72554
72556
72566
72602
72617
72618
72624
72635
72642
72643
72653
72655
72656
72664
72666
72672
72676
72677
72686
72688
72689
72695
72698
72699
72706
72717
72723
72728
72741
72754
72770
72778
72779
72782
72784
72798
72805
72811
72814
72833
72835
72840
72849
72850
72851
72883
72884
72893
72894
72906
72920
72921
72927
72934
72943
72958
72972
72978
72984
72986
72994
72999
73001
73006
73009
73014
73034
73036
73042
73045
73051
73056
73059
73066
73071
73076
73083
73086
73098
73100
73101
73112
73115
73120
73134
73149
73168
73170
73189
73192
73197
73202
73205
73212
73215
73220
73221
73227
73229
73240
73247
73249
73259
73266
73275
73278
73294
73295
73300
73311
73314
73322
73328
73347
73348
73351
73359
73378
73388
73389
73393
73405
73408
73411
73414
73423
73426
73432
73447
73456
73469
73493
73499
73503
73507
73529
73530
73533
73539
73541
73547
73560
73562
73566
73567
73568
73576
73581
73583
73585
73588
73589
73591
73600
73614
73615
73616
73618
73637
73638
73643
73647
73658
73660
73666
73674
73677
73694
73697
73699
73701
73715
73716
73717
73730
73737
73738
73744
73759
73780
73783
73786
73799
73801
73812
73813
73815
73828
73833
73836
73837
73840
73847
73852
73854
73857
73863
73866
73867
73870
73892
73893
73913
73915
73918
73922
73924
73926
73928
73934
73935
73937
73938
73945
73957
73960
73974
73988
73991
73995
73997
74011
74014
74020
74022
74023
74026
74031
74038
74039
74040
74043
74044
74045
74053
74056
74059
74060
74063
74076
74080
74087
74089
74091
74094
74097
74098
74101
74104
74115
74130
74138
74144
74147
74149
74152
74153
74157
74162
74172
74177
74183
74196
74197
74199
74203
74209
74211
74213
74219
74220
74229
74232
74235
74239
74248
74249
74257
74268
74274
74276
74284
74290
74298
74308
74309
74311
74317
74319
74322
74329
74332
74336
74342
74363
74376
74377
74397
74403
74404
74411
74425
74430
74434
74443
74445
74446
74453
74457
74458
74463
74464
74470
74497
74499
74504
74532
74533
74535
74554
74559
74574
74582
74587
74589
74596
74600
74609
74625
74631
74637
74641
74643
74646
74647
74649
74650
74651
74656
74659
74661
74666
74670
74673
74679
74686
74690
74695
74696
74702
74726
74728
74740
74742
74744
74746
74752
74766
74786
74787
74789
74792
74796
74807
74819
74822
74823
74839
74842
74847
74851
74852
74855
74863
74865
74872
74894
74895
74903
74916
74922
74932
74944
74945
74950
74952
74962
74964
74966
74968
74972
74980
74983
74984
74988
74991
74994
74997
75000
75006
75016
75022
75029
75039
75043
75044
75057
75064
75073
75083
75090
75096
75098
75102
75122
75127
75128
75133
75135
75139
75148
75152
75159
75170
75171
75176
75179
75180
75194
75215
75216
75225
75235
75241
75243
75250
75260
75261
75262
75282
75286
75296
75303
75307
75308
75309
75328
75332
75344
75345
75348
75361
75366
75375
75390
75393
75397
75406
75408
75410
75414
75423
75438
75439
75459
75469
75474
75486
75495
75497
75498
75500
75504
75509
75511
75512
75536
75537
75540
75542
75543
75552
75567
75581
75585
75591
75592
75600
75601
75602
75607
75609
75610
75620
75631
75634
75635
75638
75642
75646
75649
75652
75660
75666
75668
75670
75675
75679
75682
75683
75695
75706
75722
75735
75749
75750
75752
75753
75754
75777
75778
75789
75802
75808
75810
75817
75824
75842
75847
75850
75854
75858
75863
75865
75880
75881
75882
75885
75887
75895
75901
75905
75907
75910
75912
75917
75920
75939
75941
75951
75956
75958
75968
75970
75976
75978
75986
75999
76023
76025
76026
76044
76053
76055
76061
76066
76070
76082
76084
76087
76092
76101
76106
76109
76116
76119
76121
76122
76142
76143
76159
76164
76178
76183
76188
76199
76200
76201
76210
76211
76213
76214
76215
76223
76224
76233
76234
76235
76239
76240
76241
76255
76277
76281
76287
76294
76297
76300
76315
76316
76318
76324
76333
76348
76353
76354
76359
76363
76374
76382
76384
76388
76393
76395
76410
76411
76415
76422
76425
76445
76462
76472
76474
76475
76481
76485
76490
76494
76506
76510
76523
76524
76525
76530
76532
76533
76539
76542
76543
76547
76553
76555
76569
76571
76580
76591
76594
76598
76604
76612
76615
76620
76626
76627
76642
76651
76653
76655
76657
76660
76671
76688
76699
76705
76706
76713
76723
76724
76727
76740
76742
76745
76754
76761
76779
76794
76796
76806
76809
76810
76813
76819
76838
76847
76848
76851
76856
76864
76865
76875
76878
76880
76910
76911
76913
76919
76927
76950
76962
76967
76971
76972
76976
76977
76978
76992
77023
77027
77036
77046
77053
77058
77061
77070
77071
77074
77080
77088
77093
77094
77103
77109
77114
77120
77129
77133
77137
77141
77144
77147
77149
77152
77153
77159
77167
77173
77183
77193
77195
77236
77240
77244
77265
77269
77270
77272
77276
77283
77285
77300
77301
77303
77314
77327
77330
77331
77334
77335
77341
77343
77344
77345
77354
77356
77374
77390
77397
77399
77403
77420
77424
77437
77444
77465
77467
77478
77479
77482
77488
77495
77496
77509
77511
77514
77515
77523
77524
77525
77530
77531
77537
77553
77554
77559
77569
77580
77586
77593
77611
77613
77629
77638
77639
77650
77655
77661
77670
77673
77679
77691
77702
77710
77714
77715
77723
77728
77732
77735
77737
77749
77764
77774
77777
77781
77782
77783
77784
77786
77798
77807
77811
77822
77832
77840
77846
77848
77853
77857
77863
77869
77871
77880
77882
77883
77884
77888
77890
77895
77904
77905
77906
77907
77914
77929
77931
77934
77942
77943
77959
77966
77967
77969
77978
77981
77982
77984
77986
77988
77997
78005
78006
78008
78009
78022
78029
78033
78035
78038
78039
78048
78061
78065
78067
78075
78085
78090
78103
78123
78125
78132
78141
78148
78151
78172
78173
78175
78176
78182
78204
78206
78208
78209
78213
78232
78234
78236
78237
78239
78255
78263
78264
78270
78271
78278
78280
78291
78299
78302
78323
78328
78330
78333
78336
78348
78353
78354
78357
78372
78373
78380
78386
78389
78391
78393
78395
78401
78402
78403
78439
78442
78443
78444
78451
78453
78456
78469
78473
78476
78487
78490
78505
78511
78529
78530
78531
78554
78560
78567
78587
78595
78596
78601
78602
78622
78626
78637
78644
78653
78655
78657
78670
78673
78674
78677
78683
78685
78691
78701
78706
78711
78716
78729
78731
78734
78736
78751
78761
78768
78769
78781
78785
78790
78793
78798
78809
78825
78835
78838
78840
78845
78857
78866
78868
78877
78878
78887
78902
78903
78908
78910
78911
78922
78925
78933
78937
78946
78948
78952
78960
78979
78980
78983
78989
78993
78994
78998
79005
79009
79012
79022
79028
79029
79031
79049
79050
79054
79060
79061
79062
79081
79082
79091
79107
79113
79135
79144
79148
79152
79165
79171
79177
79190
79226
79231
79250
79252
79253
79257
79265
79270
79279
79305
79307
79309
79316
79321
79325
79344
79347
79354
79359
79360
79362
79371
79372
79374
79388
79395
79409
79412
79414
79420
79422
79426
79427
79430
79436
79437
79441
79442
79443
79452
79455
79465
79474
79476
79481
79482
79490
79495
79500
79501
79502
79507
79517
79518
79543
79544
79553
79559
79561
79562
79564
79566
79568
79570
79572
79576
79579
79581
79589
79595
79597
79602
79610
79613
79620
79625
79627
79645
79653
79660
79666
79676
79678
79686
79701
79711
79712
79715
79716
79718
79721
79728
79730
79736
79761
79778
79788
79795
79800
79803
79805
79820
79821
79822
79831
79845
79853
79855
79859
79873
79878
79881
79883
79885
79886
79891
79900
79909
79912
79915
79923
79932
79935
79936
79954
79958
79961
79967
79977
79993
79994
80017
80029
80033
80038
80044
80074
80081
80086
80094
80097
80104
80107
80109
80115
80125
80132
80140
80144
80146
80152
80153
80173
80174
80182
80195
80200
80226
80227
80232
80236
80237
80250
80255
80256
80259
80260
80261
80264
80267
80269
80276
80278
80284
80289
80291
80309
80313
80322
80330
80332
80337
80340
80341
80342
80347
80358
80365
80382
80385
80396
80397
80403
80404
80408
80413
80424
80427
80436
80438
80444
80475
80479
80485
80489
80494
80495
80498
80507
80510
80521
80527
80528
80534
80545
80548
80550
80557
80560
80566
80567
80568
80598
80607
80617
80620
80623
80624
80626
80632
80635
80646
80653
80663
80666
80674
80680
80684
80685
80689
80700
80712
80721
80722
80728
80732
80733
80742
80744
80750
80756
80759
80763
80764
80769
80771
80775
80787
80791
80794
80797
80803
80808
80813
80814
80837
80840
80842
80845
80847
80848
80851
80853
80860
80862
80867
80874
80880
80889
80896
80901
80902
80907
80918
80919
80922
80939
80942
80952
80964
80974
80977
80983
80988
80998
81006
81007
81021
81028
81038
81053
81057
81077
81081
81094
81097
81105
81115
81128
81130
81137
81152
81158
81160
81162
81163
81170
81177
81179
81184
81194
81198
81201
81213
81216
81218
81219
81224
81234
81239
81240
81242
81245
81246
81273
81287
81290
81293
81297
81298
81308
81309
81327
81335
81336
81339
81342
81351
81358
81359
81376
81380
81382
81386
81391
81392
81395
81400
81401
81409
81415
81427
81434
81439
81445
81449
81458
81471
81480
81481
81492
81494
81497
81499
81500
81502
81503
81509
81515
81516
81519
81523
81528
81529
81531
81544
81545
81549
81565
81586
81589
81591
81603
81604
81605
81614
81615
81642
81643
81644
81651
81656
81670
81672
81673
81676
81677
81691
81706
81722
81732
81734
81751
81790
81793
81795
81807
81817
81822
81836
81838
81840
81844
81849
81851
81856
81858
81861
81862
81866
81883
81885
81890
81891
81892
81899
81901
81903
81909
81916
81923
81933
81937
81938
81940
81944
81945
81950
81953
81956
81960
81963
81967
81972
81975
81979
82002
82005
82011
82018
82035
82040
82045
82049
82050
82057
82060
82064
82066
82067
82074
82076
82079
82100
82104
82106
82113
82116
82125
82126
82129
82130
82137
82154
82168
82169
82170
82172
82178
82182
82184
82191
82203
82221
82234
82235
82236
82240
82254
82255
82257
82261
82265
82266
82267
82270
82274
82278
82279
82281
82290
82294
82297
82300
82305
82311
82319
82322
82336
82339
82341
82356
82359
82361
82363
82375
82376
82377
82378
82381
82392
82401
82402
82404
82405
82410
82417
82420
82422
82423
82436
82439
82444
82455
82482
82483
82486
82487
82491
82494
82499
82507
82514
82530
82539
82546
82550
82561
82565
82574
82584
82596
82597
82601
82615
82616
82618
82619
82624
82631
82633
82658
82663
82668
82694
82696
82701
82705
82710
82712
82734
82740
82746
82755
82792
82793
82795
82799
82803
82809
82812
82815
82817
82821
82824
82833
82841
82849
82860
82861
82867
82875
82877
82888
82900
82906
82910
82915
82920
82934
82943
82950
82957
82958
82967
82969
82985
82986
82991
82993
83023
83025
83030
83034
83045
83048
83050
83058
83059
83063
83064
83066
83069
83070
83072
83083
83105
83106
83108
83109
83112
83113
83118
83121
83124
83129
83130
83137
83165
83167
83168
83170
83172
83180
83182
83183
83184
83199
83206
83209
83212
83222
83223
83225
83231
83254
83256
83259
83262
83264
83278
83279
83284
83296
83304
83305
83319
83335
83339
83340
83348
83349
83354
83356
83359
83360
83376
83377
83381
83382
83384
83397
83398
83401
83404
83414
83423
83438
83446
83454
83457
83458
83459
83464
83466
83470
83472
83476
83487
83490
83499
83501
83502
83504
83508
83511
83520
83532
83534
83535
83540
83543
83549
83559
83566
83577
83581
83585
83587
83596
83599
83608
83621
83640
83649
83654
83661
83668
83669
83674
83677
83678
83682
83698
83699
83711
83715
83717
83728
83730
83732
83734
83738
83743
83746
83751
83756
83766
83769
83770
83779
83789
83793
83796
83803
83812
83814
83821
83832
83833
83839
83856
83860
83870
83872
83903
83907
83915
83916
83926
83931
83932
83942
83950
83965
83982
83986
83997
84008
84012
84024
84025
84034
84035
84036
84037
84039
84065
84067
84073
84078
84084
84087
84094
84098
84104
84119
84136
84139
84140
84144
84153
84166
84174
84177
84182
84183
84196
84219
84222
84223
84229
84235
84240
84246
84247
84248
84264
84275
84277
84279
84284
84285
84288
84290
84301
84303
84306
84309
84319
84323
84330
84340
84350
84351
84359
84376
84377
84384
84387
84396
84406
84407
84418
84421
84422
84426
84442
84446
84447
84448
84450
84454
84458
84461
84467
84468
84472
84484
84493
84498
84504
84505
84507
84508
84513
84514
84518
84520
84523
84524
84526
84528
84539
84551
84553
84577
84581
84587
84592
84593
84595
84596
84602
84604
84612
84614
84620
84621
84625
84632
84635
84651
84654
84657
84668
84671
84674
84679
84681
84688
84691
84705
84711
84717
84718
84721
84725
84735
84741
84742
84743
84744
84748
84754
84780
84783
84784
84795
84803
84808
84816
84818
84835
84836
84837
84838
84844
84849
84855
84857
84865
84878
84880
84893
84894
84896
84904
84908
84934
84941
84948
84952
84954
84956
84957
84958
84980
84988
84998
85005
85009
85024
85039
85047
85048
85058
85092
85098
85106
85123
85125
85128
85130
85132
85136
85144
85145
85152
85176
85180
85183
85186
85189
85191
85208
85210
85211
85213
85222
85235
85241
85247
85249
85250
85255
85280
85289
85293
85305
85326
85332
85341
85345
85350
85351
85359
85361
85367
85374
85376
85378
85382
85384
85388
85391
85394
85399
85402
85403
85405
85412
85413
85418
85421
85433
85444
85452
85454
85455
85458
85462
85463
85464
85465
85466
85473
85479
85485
85487
85491
85493
85498
85500
85504
85516
85523
85526
85537
85541
85557
85558
85566
85567
85572
85574
85576
85581
85583
85586
85591
85609
85610
85627
85640
85641
85642
85657
85658
85660
85664
85670
85671
85678
85680
85681
85685
85695
85699
85702
85713
85717
85720
85725
85726
85737
85742
85743
85745
85749
85767
85768
85771
85773
85780
85785
85797
85801
85812
85814
85826
85835
85836
85840
85846
85850
85862
85867
85869
85880
85882
85886
85898
85911
85913
85928
85943
85957
85958
85969
85978
85987
85989
85999
86007
86011
86022
86030
86045
86056
86060
86096
86113
86130
86136
86145
86151
86160
86163
86165
86166
86168
86180
86185
86189
86212
86214
86215
86222
86229
86234
86240
86245
86246
86247
86249
86256
86258
86272
86273
86278
86285
86291
86299
86302
86303
86304
86309
86311
86317
86323
86332
86333
86335
86336
86347
86353
86356
86359
86367
86368
86372
86376
86378
86386
86388
86397
86398
86404
86417
86419
86424
86432
86442
86449
86452
86456
86459
86460
86462
86464
86468
86492
86493
86496
86499
86509
86511
86512
86514
86534
86535
86538
86542
86551
86553
86562
86563
86569
86571
86589
86591
86592
86598
86604
86607
86611
86618
86626
86628
86637
86638
86642
86646
86657
86660
86666
86670
86681
86683
86686
86700
86706
86714
86719
86727
86732
86735
86736
86756
86763
86775
86778
86779
86784
86787
86801
86818
86819
86820
86822
86829
86832
86833
86840
86853
86886
86889
86890
86893
86894
86898
86916
86935
86943
86948
86949
86952
86954
86959
86960
86962
86963
86974
86980
86983
86987
86996
87003
87005
87006
87008
87025
87031
87037
87039
87045
87050
87056
87058
87065
87069
87071
87077
87086
87087
87091
87095
87096
87098
87103
87109
87111
87119
87123
87126
87132
87135
87136
87146
87148
87150
87153
87159
87165
87174
87176
87184
87196
87203
87205
87211
87221
87228
87239
87245
87249
87262
87265
87266
87270
87278
87280
87290
87292
87293
87301
87307
87317
87322
87324
87329
87332
87333
87334
87337
87343
87362
87363
87364
87366
87367
87375
87376
87382
87389
87392
87395
87397
87400
87406
87411
87421
87423
87430
87435
87437
87439
87440
87450
87452
87463
87471
87476
87479
87480
87484
87501
87504
87507
87521
87529
87533
87534
87538
87539
87544
87546
87556
87565
87568
87572
87579
87582
87586
87595
87596
87598
87599
87600
87602
87603
87607
87609
87618
87621
87623
87625
87627
87629
87630
87651
87653
87655
87656
87659
87662
87665
87666
87670
87679
87681
87682
87695
87705
87706
87711
87713
87727
87729
87756
87762
87779
87787
87795
87800
87805
87807
87809
87820
87830
87843
87850
87854
87868
87878
87882
87883
87885
87889
87891
87893
87899
87928
87937
87943
87951
87968
87971
87977
87978
87981
87985
87987
87989
87990
87995
88011
88018
88032
88038
88041
88045
88047
88054
88060
88062
88077
88083
88087
88103
88112
88121
88130
88136
88141
88144
88145
88159
88167
88168
88169
88171
88180
88188
88216
88221
88223
88226
88233
88255
88265
88271
88272
88290
88292
88295
88299
88318
88320
88321
88332
88334
88336
88343
88348
88352
88368
88375
88376
88378
88382
88384
88392
88393
88397
88403
88411
88417
88418
88424
88431
88433
88436
88439
88440
88455
88461
88471
88478
88486
88488
88493
88524
88532
88533
88536
88539
88541
88549
88550
88553
88557
88567
88573
88598
88599
88619
88639
88640
88644
88648
88649
88663
88672
88680
88685
88690
88695
88698
88710
88712
88713
88717
88730
88736
88744
88752
88755
88758
88763
88765
88804
88806
88810
88811
88817
88824
88828
88836
88839
88841
88856
88861
88865
88872
88879
88896
88898
88906
88910
88916
88917
88920
88922
88944
88951
88956
88959
88966
88969
88970
88986
88997
89007
89014
89015
89025
89026
89029
89038
89049
89052
89053
89059
89080
89081
89090
89106
89109
89110
89114
89122
89128
89132
89136
89137
89140
89147
89151
89152
89181
89182
89188
89193
89194
89197
89198
89199
89205
89207
89240
89251
89252
89253
89254
89259
89271
89281
89285
89287
89305
89316
89332
89333
89335
89338
89341
89363
89371
89378
89385
89395
89397
89405
89414
89415
89423
89431
89446
89448
89450
89452
89453
89456
89467
89470
89485
89486
89497
89509
89518
89519
89522
89540
89551
89555
89558
89560
89572
89573
89578
89581
89605
89606
89612
89617
89619
89626
89636
89644
89657
89659
89660
89671
89685
89693
89694
89706
89708
89712
89715
89723
89724
89730
89735
89739
89740
89747
89751
89759
89761
89763
89767
89785
89793
89794
89805
89807
89819
89824
89828
89835
89836
89838
89841
89844
89850
89851
89855
89858
89859
89872
89874
89875
89883
89888
89892
89894
89896
89905
89915
89918
89925
89933
89944
89949
89950
89954
89955
89964
89967
89971
89974
89977
89982
89988
89993
89994
89997
90006
90007
90028
90036
90042
90044
90071
90076
90101
90102
90104
90123
90128
90129
90135
90138
90141
90147
90150
90163
90165
90170
90182
90189
90199
90204
90220
90221
90233
90240
90248
90251
90254
90255
90263
90272
90279
90287
90288
90290
90293
90297
90304
90312
90316
90328
90345
90353
90354
90360
90361
90363
90364
90366
90373
90374
90375
90383
90384
90385
90393
90399
90403
90409
90425
90426
90427
90434
90436
90465
90470
90478
90481
90482
90484
90485
90491
90496
90501
90504
90509
90511
90513
90525
90530
90539
90540
90545
90550
90555
90560
90572
90573
90580
90585
90592
90598
90616
90623
90629
90633
90635
90642
90653
90658
90670
90679
90684
90685
90690
90691
90698
90702
90716
90727
90728
90730
90732
90733
90735
90754
90755
90770
90772
90773
90778
90779
90782
90786
90792
90805
90807
90825
90827
90841
90845
90850
90854
90855
90856
90865
90868
90880
90888
90912
90916
90920
90922
90926
90932
90939
90940
90941
90943
90948
90950
90959
90960
90968
90977
90986
90996
91007
91010
91011
91012
91020
91021
91027
91029
91030
91031
91043
91045
91046
91054
91057
91065
91077
91086
91090
91117
91119
91126
91127
91146
91151
91153
91165
91167
91178
91179
91182
91184
91187
91196
91198
91203
91205
91206
91209
91211
91217
91227
91229
91231
91240
91243
91256
91265
91266
91269
91271
91275
91276
91287
91301
91307
91310
91314
91320
91323
91326
91341
91343
91345
91348
91350
91351
91352
91366
91369
91382
91385
91389
91390
91404
91406
91407
91412
91432
91444
91451
91453
91456
91463
91464
91468
91469
91471
91472
91473
91475
91479
91487
91491
91512
91531
91543
91544
91545
91560
91565
91571
91573
91574
91575
91576
91578
91588
91593
91598
91603
91604
91615
91620
91627
91629
91633
91634
91638
91650
91654
91655
91661
91662
91664
91683
91687
91694
91708
91711
91726
91728
91733
91742
91753
91755
91766
91774
91776
91783
91788
91803
91826
91828
91835
91842
91843
91848
91857
91867
91869
91890
91895
91922
91926
91943
91946
91947
91950
91958
91960
91964
91966
91967
91971
91974
91979
91983
91984
91985
91987
91991
91993
91998
92013
92028
92029
92034
92041
92045
92055
92057
92063
92064
92065
92070
92073
92078
92081
92095
92100
92104
92115
92126
92138
92146
92147
92148
92154
92155
92162
92163
92186
92191
92196
92212
92219
92221
92224
92225
92227
92228
92234
92237
92238
92239
92243
92245
92250
92264
92272
92279
92282
92297
92299
92313
92327
92333
92334
92345
92355
92372
92377
92385
92387
92403
92412
92427
92429
92430
92432
92433
92480
92482
92484
92496
92500
92509
92512
92513
92515
92522
92524
92528
92535
92543
92551
92554
92558
92583
92584
92587
92595
92596
92601
92607
92612
92620
92626
92634
92645
92646
92657
92684
92693
92695
92702
92707
92714
92721
92729
92732
92734
92735
92742
92744
92755
92762
92772
92781
92816
92829
92833
92835
92837
92838
92841
92846
92849
92850
92858
92861
92864
92865
92869
92872
92880
92888
92890
92895
92897
92902
92920
92927
92934
92935
92939
92944
92948
92966
92974
92982
92987
92995
92998
93003
93006
93011
93019
93020
93026
93037
93046
93060
93063
93067
93073
93086
93087
93097
93101
93102
93114
93115
93117
93120
93123
93130
93134
93138
93139
93142
93148
93151
93154
93157
93159
93160
93172
93177
93178
93192
93196
93200
93205
93208
93209
93217
93219
93224
93225
93229
93230
93233
93234
93235
93237
93239
93243
93251
93258
93284
93289
93292
93293
93299
93300
93304
93334
93337
93338
93339
93341
93342
93344
93363
93364
93365
93372
93373
93377
93382
93395
93399
93402
93406
93408
93409
93414
93424
93448
93452
93455
93477
93478
93484
93487
93501
93503
93513
93514
93515
93516
93517
93523
93524
93533
93534
93549
93561
93567
93572
93578
93583
93590
93596
93602
93622
93628
93638
93642
93643
93644
93646
93655
93659
93661
93664
93670
93675
93676
93685
93687
93690
93694
93696
93700
93701
93706
93710
93718
93729
93735
93739
93740
93741
93763
93767
93775
93776
93795
93806
93824
93825
93830
93831
93849
93852
93858
93863
93871
93878
93885
93914
93916
93917
93926
93931
93939
93940
93948
93959
93963
93964
93966
93968
93970
93977
93981
93984
94005
94018
94019
94027
94050
94055
94058
94063
94072
94077
94080
94089
94092
94098
94104
94107
94111
94135
94140
94144
94147
94149
94151
94156
94160
94162
94167
94168
94169
94195
94199
94204
94209
94214
94222
94226
94254
94257
94260
94263
94269
94277
94280
94281
94284
94290
94291
94292
94299
94301
94302
94304
94311
94312
94319
94324
94363
94366
94370
94373
94389
94394
94396
94401
94412
94417
94422
94426
94439
94446
94451
94462
94484
94485
94488
94491
94497
94509
94525
94531
94538
94542
94543
94544
94545
94546
94548
94550
94554
94563
94567
94571
94577
94581
94583
94593
94611
94614
94625
94628
94633
94635
94636
94649
94651
94667
94673
94677
94684
94690
94697
94700
94717
94729
94735
94740
94748
94750
94754
94758
94759
94763
94765
94766
94776
94791
94806
94809
94810
94811
94815
94824
94828
94831
94840
94843
94844
94861
94862
94864
94878
94886
94890
94892
94896
94905
94912
94915
94917
94931
94943
94962
94964
94968
94969
94983
95001
95005
95016
95019
95031
95037
95040
95048
95049
95051
95055
95071
95080
95082
95089
95091
95095
95099
95108
95118
95127
95144
95146
95147
95164
95180
95185
95197
95202
95207
95208
95217
95223
95226
95231
95241
95248
95250
95254
95275
95277
95279
95280
95281
95289
95298
95300
95309
95311
95315
95323
95328
95329
95336
95340
95342
95351
95356
95364
95367
95371
95374
95381
95396
95409
95435
95457
95463
95468
95470
95473
95479
95495
95498
95517
95518
95525
95531
95534
95541
95542
95549
95554
95555
95559
95571
95573
95576
95581
95594
95595
95606
95610
95617
95629
95635
95638
95646
95647
95656
95663
95670
95678
95679
95681
95689
95706
95716
95722
95725
95732
95746
95748
95769
95785
95789
95790
95792
95796
95803
95806
95809
95816
95824
95827
95836
95839
95841
95848
95849
95857
95860
95865
95866
95867
95872
95875
95882
95910
95915
95917
95919
95920
95921
95922
95928
95929
95940
95942
95943
95962
95965
95967
95997
96000
96001
96002
96003
96005
96011
96013
96014
96020
96021
96022
96029
96030
96040
96045
96050
96052
96054
96056
96068
96072
96084
96086
96087
96088
96093
96097
96102
96110
96117
96119
96125
96133
96138
96146
96154
96165
96173
96175
96180
96190
96191
96196
96198
96202
96203
96205
96211
96212
96221
96228
96231
96235
96242
96246
96255
96259
96260
96261
96262
96276
96281
96287
96293
96294
96299
96305
96309
96313
96318
96327
96328
96331
96333
96336
96338
96356
96379
96380
96381
96383
96390
96393
96394
96401
96403
96405
96407
96426
96433
96436
96443
96444
96450
96456
96468
96472
96479
96483
96491
96492
96499
96501
96503
96505
96512
96519
96522
96524
96526
96528
96529
96537
96548
96553
96563
96564
96565
96567
96584
96597
96607
96620
96628
96630
96637
96652
96670
96678
96688
96698
96707
96710
96714
96716
96723
96726
96735
96737
96743
96746
96764
96783
96789
96798
96801
96811
96812
96813
96816
96817
96822
96831
96834
96835
96849
96850
96855
96864
96867
96871
96874
96877
96878
96882
96884
96889
96902
96903
96907
96911
96925
96937
96943
96945
96954
96966
96973
96983
96992
96993
97011
97012
97015
97017
97025
97032
97033
97045
97047
97049
97054
97063
97064
97075
97080
97089
97091
97095
97097
97103
97117
97127
97128
97129
97138
97139
97146
97157
97181
97189
97191
97204
97208
97211
97220
97221
97222
97232
97239
97244
97253
97255
97260
97274
97276
97279
97286
97298
97301
97313
97314
97318
97329
97332
97333
97335
97336
97366
97376
97380
97386
97388
97413
97416
97417
97427
97441
97444
97447
97458
97463
97467
97473
97480
97485
97488
97498
97499
97504
97514
97515
97517
97528
97545
97546
97551
97554
97564
97570
97578
97596
97602
97606
97610
97611
97614
97619
97629
97662
97669
97676
97684
97691
97696
97707
97709
97714
97718
97725
97732
97733
97739
97741
97747
97750
97753
97756
97761
97792
97803
97807
97812
97815
97820
97824
97837
97852
97870
97890
97898
97903
97907
97916
97920
97925
97927
97931
97935
97936
97937
97942
97951
97954
97961
97966
97978
97981
97984
97987
97991
97997
98003
98020
98021
98028
98032
98033
98034
98038
98040
98043
98047
98052
98053
98076
98084
98085
98087
98089
98096
98116
98125
98130
98139
98142
98156
98157
98165
98171
98186
98191
98222
98239
98246
98248
98255
98271
98276
98291
98294
98321
98332
98339
98340
98342
98347
98348
98357
98362
98363
98364
98366
98373
98374
98375
98395
98400
98401
98402
98406
98413
98416
98418
98424
98435
98443
98463
98479
98480
98484
98485
98494
98501
98503
98505
98514
98526
98528
98529
98539
98542
98545
98560
98570
98581
98582
98585
98587
98591
98599
98604
98608
98610
98613
98617
98626
98630
98631
98633
98654
98669
98670
98702
98704
98716
98724
98734
98737
98742
98745
98746
98747
98757
98778
98783
98787
98789
98796
98802
98805
98823
98826
98834
98841
98860
98861
98878
98883
98887
98889
98892
98894
98913
98920
98924
98928
98936
98941
98945
98953
98954
98956
98957
98963
98966
98969
98974
98976
98977
98994
98995
99001
99010
99014
99015
99022
99023
99031
99037
99048
99057
99063
99065
99066
99069
99070
99073
99075
99096
99105
99114
99122
99124
99127
99142
99144
99148
99151
99157
99158
99168
99169
99171
99172
99175
99188
99195
99210
99229
99232
99250
99260
99272
99286
99292
99293
99294
99299
99304
99313
99315
99317
99324
99326
99334
99337
99340
99356
99359
99366
99374
99383
99384
99387
99388
99391
99400
99408
99414
99420
99424
99429
99445
99453
99469
99472
99473
99476
99494
99517
99531
99532
99534
99543
99544
99546
99547
99555
99568
99574
99578
99580
99591
99595
99597
99615
99618
99625
99629
99634
99642
99645
99647
99661
99669
99676
99678
99683
99697
99699
99702
99705
99716
99741
99758
99760
99766
99783
99784
99790
99791
99817
99821
99822
99844
99859
99863
99864
99870
99874
99875
99883
99888
99890
99893
99907
99911
99913
99914
99918
99924
99932
99933
99935
99937
99942
99947
99953
99964
99974
99979
99996
100003
100004
100012
100015
100027
100029
100034
100039
100041
100046
100054
100055
100060
100065
100072
100073
100076
100085
100095
100102
100111
100114
100125
100127
100131
100134
100147
100154
100158
100160
100173
100177
100179
100184
100189
100194
100196
100206
100211
100214
100225
100233
100235
100237
100242
100245
100249
100272
100279
100282
100284
100290
100291
100294
100316
100329
100337
100341
100342
100349
100352
100355
100361
100368
100391
100392
100393
100400
100401
100402
100408
100426
100432
100439
100445
100446
100459
100465
100472
100475
100480
100481
100486
100489
100501
100508
100514
100518
100525
100533
100543
100547
100548
100573
100579
100580
100591
100602
100607
100615
100622
100624
100630
100631
100632
100636
100647
100652
100666
100671
100672
100695
100699
100707
100718
100722
100727
100738
100745
100765
100770
100772
100783
100786
100789
100790
100804
100812
100816
100822
100826
100828
100830
100832
100837
100855
100858
100873
100875
100880
100883
100886
100887
100895
100900
100903
100909
100911
100931
100934
100936
100938
100949
100959
100963
100966
100973
100985
100988
100997
100998
101002
101018
101020
101025
101036
101041
101044
101057
101062
101063
101080
101088
101089
101097
101098
101107
101114
101115
101119
101123
101126
101128
101130
101132
101146
101167
101170
101182
101186
101187
101189
101192
101200
101209
101212
101214
101215
101217
101218
101240
101253
101258
101262
101263
101267
101269
101271
101273
101281
101295
101311
101312
101322
101326
101327
101331
101337
101356
101366
101372
101373
101386
101394
101398
101402
101405
101417
101430
101436
101438
101439
101440
101442
101447
101464
101465
101466
101472
101474
101475
101480
101482
101489
101492
101493
101499
101500
101506
101515
101523
101531
101542
101543
101545
101549
101558
101560
101572
101573
101575
101580
101585
101600
101602
101603
101623
101626
101653
101658
101659
101664
101666
101668
101675
101677
101687
101698
101700
101701
101706
101708
101713
101727
101728
101730
101742
101743
101760
101775
101776
101780
101794
101798
101804
101805
101809
101810
101813
101822
101834
101835
101837
101839
101843
101846
101850
101854
101857
101873
101875
101886
101889
101893
101899
101902
101906
101908
101914
101920
101921
101923
101926
101928
101932
101942
101954
101955
101959
101965
101979
101991
101992
101995
102002
102004
102005
102010
102011
102015
102023
102028
102032
102040
102042
102044
102057
102064
102067
102069
102071
102072
102087
102088
102101
102104
102108
102125
102128
102130
102141
102157
102160
102165
102167
102169
102178
102183
102184
102199
102226
102240
102251
102262
102268
102269
102271
102286
102287
102290
102291
102299
102319
102320
102335
102338
102340
102342
102350
102357
102358
102361
102364
102371
102372
102377
102382
102389
102405
102411
102413
102440
102449
102456
102473
102481
102482
102493
102494
102505
102508
102518
102521
102550
102551
102556
102559
102560
102562
102563
102564
102565
102580
102583
102590
102592
102597
102604
102615
102618
102621
102622
102628
102632
102639
102649
102660
102661
102671
102682
102683
102686
102687
102690
102691
102699
102701
102702
102704
102705
102706
102709
102710
102713
102717
102723
102730
102736
102737
102741
102761
102767
102772
102781
102786
102792
102794
102796
102801
102809
102836
102837
102838
102843
102846
102859
102863
102874
102876
102881
102884
102894
102895
102896
102898
102900
102909
102911
102913
102927
102931
102942
102943
102946
102955
102956
102961
102968
102972
102983
102985
102988
102989
102995
102997
103008
103009
103012
103021
103031
103033
103040
103056
103057
103058
103063
103064
103066
103070
103071
103078
103080
103085
103086
103088
103089
103090
103099
103101
103111
103122
103131
103132
103142
103146
103151
103161
103165
103166
103173
103178
103190
103191
103193
103197
103198
103206
103229
103233
103238
103240
103243
103253
103256
103258
103270
103276
103277
103280
103283
103286
103287
103291
103297
103300
103303
103306
103308
103318
103320
103334
103337
103344
103351
103357
103359
103363
103367
103370
103373
103374
103375
103382
103387
103388
103393
103408
103412
103415
103418
103443
103448
103449
103453
103457
103463
103474
103498
103507
103514
103516
103518
103520
103522
103527
103530
103540
103551
103553
103559
103560
103564
103569
103571
103574
103587
103597
103600
103602
103608
103610
103615
103624
103646
103652
103657
103664
103667
103673
103690
103691
103698
103702
103705
103717
103725
103737
103739
103748
103749
103752
103761
103774
103775
103777
103778
103784
103793
103801
103803
103809
103811
103826
103831
103832
103834
103837
103839
103841
103860
103864
103871
103872
103873
103874
103882
103891
103895
103899
103900
103902
103903
103907
103908
103909
103921
103927
103938
103944
103967
103970
103979
103989
103991
103996
103997
103999
104000
104010
104029
104031
104038
104061
104075
104085
104088
104091
104101
104106
104108
104113
104115
104125
104127
104133
104143
104147
104149
104157
104158
104163
104167
104177
104186
104188
104190
104209
104217
104236
104250
104251
104253
104258
104264
104270
104272
104278
104282
104290
104297
104303
104307
104308
104309
104313
104316
104317
104323
104324
104330
104332
104343
104345
104367
104373
104379
104385
104386
104387
104393
104394
104399
104406
104410
104415
104424
104429
104438
104439
104442
104449
104459
104464
104465
104471
104473
104485
104486
104491
104492
104493
104503
104509
104510
104513
104523
104524
104533
104534
104542
104548
104550
104555
104560
104563
104567
104574
104577
104583
104594
104600
104609
104610
104612
104615
104624
104625
104627
104632
104634
104645
104648
104650
104655
104659
104667
104690
104697
104699
104700
104703
104708
104711
104731
104734
104736
104750
104753
104755
104769
104773
104788
104789
104791
104793
104798
104808
104811
104812
104815
104820
104822
104825
104834
104839
104842
104844
104862
104881
104897
104901
104918
104924
104929
104934
104937
104939
104941
104942
104952
104955
104964
104967
104971
104972
104974
104987
104994
105011
105013
105014
105028
105032
105038
105041
105046
105047
105051
105063
105071
105081
105082
105091
105096
105098
105099
105100
105104
105106
105121
105128
105141
105143
105144
105146
105169
105178
105180
105182
105184
105204
105211
105231
105232
105233
105234
105243
105244
105251
105265
105269
105278
105284
105299
105300
105307
105315
105317
105328
105336
105341
105342
105350
105353
105358
105359
105374
105378
105388
105396
105397
105402
105407
105410
105414
105430
105438
105452
105453
105457
105471
105476
105486
105491
105495
105509
105513
105516
105521
105527
105531
105536
105547
105552
105560
105563
105573
105587
105594
105600
105602
105604
105606
105612
105620
105621
105631
105636
105637
105654
105663
105669
105685
105688
105691
105702
105724
105726
105731
105734
105740
105742
105745
105753
105761
105767
105774
105775
105784
105787
105792
105807
105808
105811
105824
105830
105836
105847
105848
105868
105870
105877
105879
105885
105890
105904
105913
105925
105930
105932
105938
105946
105950
105953
105955
105965
105978
105984
105986
105988
105990
105992
105998
106007
106008
106011
106014
106015
106020
106028
106032
106038
106040
106047
106050
106053
106058
106063
106068
106071
106074
106075
106084
106094
106096
106098
106113
106127
106129
106136
106141
106144
106145
106155
106162
106179
106187
106193
106195
106201
106203
106207
106212
106215
106228
106231
106255
106259
106260
106272
106274
106278
106280
106283
106303
106312
106313
106314
106325
106328
106332
106333
106335
106337
106338
106340
106348
106349
106354
106362
106369
106370
106373
106376
106380
106388
106393
106396
106404
106413
106435
106440
106444
106447
106448
106452
106456
106460
106468
106474
106478
106479
106482
106489
106492
106500
106501
106503
106507
106525
106528
106529
106530
106532
106533
106547
106554
106558
106568
106572
106578
106604
106610
106618
106620
106622
106647
106649
106655
106661
106666
106668
106672
106675
106677
106702
106709
106712
106722
106725
106727
106733
106739
106740
106751
106765
106772
106776
106777
106780
106781
106787
106789
106793
106794
106821
106827
106833
106838
106847
106848
106853
106856
106858
106864
106872
106910
106913
106933
106934
106935
106944
106959
106960
106964
106969
106977
106979
106987
106998
107013
107014
107018
107024
107025
107057
107065
107066
107067
107070
107071
107075
107080
107084
107085
107090
107104
107108
107112
107117
107122
107126
107132
107140
107142
107143
107167
107184
107188
107195
107201
107202
107206
107213
107215
107225
107252
107256
107257
107265
107268
107275
107276
107278
107281
107285
107294
107295
107300
107301
107310
107313
107316
107334
107346
107351
107372
107388
107403
107412
107415
107419
107420
107426
107430
107434
107435
107438
107444
107447
107452
107455
107459
107460
107467
107468
107473
107484
107489
107490
107491
107510
107515
107520
107524
107527
107530
107531
107540
107541
107546
107552
107559
107569
107574
107579
107593
107598
107608
107611
107612
107622
107623
107658
107662
107663
107665
107672
107680
107683
107684
107686
107688
107689
107692
107696
107697
107709
107715
107723
107735
107736
107738
107739
107743
107751
107759
107764
107781
107813
107814
107824
107830
107832
107836
107847
107858
107860
107864
107873
107879
107881
107883
107892
107893
107894
107908
107915
107919
107920
107929
107937
107959
107960
107963
107966
107974
107994
107998
108000
108002
108007
108008
108017
108021
108024
108033
108036
108037
108042
108043
108047
108051
108058
108064
108067
108082
108085
108091
108092
108094
108097
108098
108104
108120
108125
108127
108129
108132
108137
108151
108154
108157
108172
108173
108187
108193
108196
108208
108226
108236
108237
108241
108248
108249
108257
108262
108265
108268
108269
108275
108279
108285
108301
108314
108321
108324
108326
108335
108338
108341
108360
108376
108382
108383
108395
108396
108410
108426
108433
108438
108445
108447
108450
108451
108456
108464
108466
108468
108469
108470
108473
108481
108486
108487
108498
108503
108505
108507
108509
108510
108540
108544
108551
108565
108570
108574
108597
108601
108603
108606
108609
108626
108630
108639
108642
108647
108664
108667
108693
108710
108715
108717
108718
108726
108731
108756
108758
108760
108766
108770
108773
108774
108776
108783
108797
108804
108811
108812
108816
108819
108833
108834
108859
108868
108892
108901
108926
108938
108946
108951
108953
108956
108957
108958
108961
108965
108970
108972
108983
108984
108989
108991
108993
108996
109001
109005
109022
109032
109049
109055
109059
109063
109064
109066
109067
109072
109077
109078
109079
109084
109099
109100
109104
109105
109107
109110
109113
109122
109125
109137
109139
109151
109153
109154
109161
109171
109192
109197
109200
109204
109205
109210
109213
109218
109226
109229
109232
109235
109238
109241
109246
109252
109264
109265
109280
109287
109290
109299
109306
109308
109314
109322
109326
109327
109330
109338
109342
109345
109349
109350
109356
109358
109368
109372
109384
109385
109389
109390
109392
109397
109398
109408
109420
109422
109430
109433
109437
109442
109445
109449
109452
109454
109470
109472
109490
109507
109515
109524
109538
109544
109547
109550
109553
109574
109576
109577
109589
109605
109608
109609
109641
109654
109656
109693
109694
109695
109696
109698
109700
109702
109708
109712
109716
109717
109718
109732
109738
109744
109755
109757
109765
109775
109777
109789
109791
109805
109813
109820
109822
109823
109825
109828
109831
109841
109860
109864
109865
109867
109870
109879
109884
109888
109890
109893
109895
109896
109899
109900
109901
109907
109911
109925
109927
109935
109936
109939
109941
109945
109956
109972
109973
109975
109978
109988
109990
110000
110003
110017
110025
110034
110061
110063
110065
110069
110082
110084
110100
110103
110113
110122
110126
110128
110137
110138
110141
110142
110145
110147
110148
110159
110163
110165
110166
110180
110187
110193
110197
110201
110222
110224
110227
110234
110244
110246
110261
110262
110280
110282
110288
110300
110305
110307
110309
110328
110330
110343
110346
110352
110365
110368
110397
110398
110399
110400
110403
110404
110408
110409
110412
110422
110427
110431
110436
110441
110445
110447
110462
110465
110478
110489
110492
110494
110507
110512
110513
110516
110521
110522
110525
110531
110537
110538
110539
110548
110550
110552
110560
110564
110566
110584
110590
110594
110600
110603
110604
110635
110636
110640
110644
110646
110650
110658
110665
110672
110678
110690
110692
110695
110697
110698
110702
110707
110712
110717
110719
110722
110724
110725
110729
110730
110738
110741
110751
110754
110761
110762
110775
110784
110797
110806
110814
110822
110824
110825
110826
110833
110835
110844
110848
110855
110860
110863
110867
110869
110874
110877
110878
110893
110902
110903
110918
110920
110923
110927
110928
110933
110935
110939
110947
110953
110957
110960
110961
110962
110965
110968
110974
110978
110982
111019
111021
111024
111037
111047
111049
111052
111060
111061
111063
111066
111071
111074
111084
111088
111101
111108
111117
111118
111125
111126
111128
111132
111135
111148
111150
111161
111169
111175
111176
111177
111180
111190
111194
111200
111213
111214
111224
111226
111227
111233
111239
111240
111243
111257
111260
111263
111267
111274
111296
111297
111303
111313
111326
111333
111336
111343
111345
111352
111353
111357
111358
111365
111370
111376
111392
111394
111400
111406
111408
111410
111411
111415
111418
111419
111429
111442
111446
111457
111461
111464
111473
111480
111485
111495
111502
111505
111508
111519
111520
111523
111529
111530
111536
111539
111541
111559
111562
111567
111586
111600
111601
111605
111613
111614
111616
111634
111639
111648
111650
111651
111662
111671
111677
111682
111692
111695
111702
111712
111723
111727
111752
111758
111761
111766
111767
111777
111785
111789
111792
111802
111813
111814
111817
111819
111820
111821
111839
111846
111847
111849
111851
111864
111867
111870
111874
111884
111885
111890
111894
111901
111905
111911
111912
111914
111919
111930
111933
111940
111941
111945
111960
111961
111965
111971
111985
111993
112005
112006
112016
112020
112023
112027
112029
112034
112036
112037
112049
112055
112060
112065
112086
112092
112101
112103
112105
112122
112145
112164
112166
112169
112176
112187
112190
112191
112193
112195
112202
112212
112220
112228
112241
112249
112253
112255
112262
112264
112278
112280
112282
112287
112295
112297
112301
112322
112326
112335
112366
112371
112373
112380
112395
112397
112416
112431
112445
112450
112451
112458
112468
112470
112476
112490
112491
112492
112493
112494
112506
112510
112512
112533
112538
112551
112554
112556
112558
112566
112576
112580
112585
112590
112599
112602
112614
112624
112633
112647
112651
112653
112667
112671
112679
112684
112687
112695
112700
112715
112717
112721
112745
112747
112748
112749
112753
112756
112762
112763
112773
112775
112781
112783
112791
112794
112795
112805
112807
112813
112815
112817
112824
112830
112833
112836
112840
112843
112849
112851
112856
112859
112867
112874
112879
112886
112889
112890
112901
112914
112928
112931
112935
112945
112946
112952
112954
112960
112972
112982
112990
113001
113002
113004
113005
113020
113030
113036
113046
113050
113056
113062
113066
113070
113074
113075
113082
113084
113085
113088
113101
113103
113142
113156
113158
113159
113169
113179
113184
113186
113188
113193
113202
113214
113217
113218
113220
113222
113224
113226
113231
113234
113237
113246
113257
113279
113316
113319
113337
113342
113343
113348
113359
113368
113370
113376
113378
113383
113394
113400
113403
113411
113413
113426
113430
113438
113440
113441
113466
113469
113471
113473
113490
113516
113523
113525
113539
113541
113543
113556
113561
113569
113593
113600
113604
113605
113607
113613
113621
113626
113641
113658
113664
113665
113667
113668
113683
113692
113696
113697
113701
113710
113715
113730
113735
113742
113743
113748
113752
113754
113758
113760
113769
113778
113792
113795
113811
113814
113816
113820
113824
113826
113827
113836
113844
113847
113850
113856
113862
113865
113881
113889
113894
113901
113903
113904
113913
113915
113918
113920
113922
113929
113930
113942
113945
113946
113947
113950
113956
113958
113963
113964
113968
113970
113975
113984
113990
113996
114006
114008
114010
114020
114025
114045
114047
114048
114056
114061
114062
114075
114078
114081
114083
114086
114091
114096
114105
114109
114120
114121
114128
114131
114136
114142
114157
114163
114168
114169
114173
114174
114180
114182
114188
114200
114202
114206
114207
114212
114218
114219
114226
114228
114229
114233
114248
114249
114254
114255
114261
114266
114267
114277
114282
114294
114323
114326
114330
114350
114351
114364
114367
114370
114371
114373
114374
114375
114391
114394
114398
114399
114406
114412
114413
114431
114433
114434
114435
114442
114446
114458
114461
114467
114470
114475
114479
114481
114494
114509
114514
114515
114530
114531
114532
114537
114542
114545
114561
114564
114571
114578
114580
114583
114585
114590
114592
114594
114607
114611
114612
114614
114633
114651
114655
114675
114678
114681
114686
114690
114697
114699
114703
114707
114711
114718
114722
114723
114738
114741
114750
114760
114766
114769
114773
114778
114786
114792
114796
114816
114818
114830
114853
114858
114863
114864
114867
114899
114901
114905
114906
114907
114913
114914
114923
114926
114942
114943
114947
114977
114979
114999
115008
115011
115025
115027
115028
115030
115034
115036
115047
115050
115072
115091
115092
115097
115098
115107
115122
115123
115136
115143
115146
115153
115156
115157
115158
115165
115169
115181
115184
115199
115204
115205
115209
115213
115217
115218
115221
115222
115229
115232
115237
115242
115251
115254
115270
115279
115280
115296
115300
115301
115308
115322
115337
115343
115352
115359
115368
115372
115375
115377
115378
115379
115382
115389
115390
115391
115395
115398
115399
115418
115419
115422
115430
115433
115448
115454
115460
115461
115468
115472
115494
115498
115509
115521
115524
115538
115544
115548
115549
115551
115555
115573
115575
115579
115581
115588
115589
115592
115600
115612
115621
115625
115636
115646
115648
115651
115654
115660
115672
115674
115693
115729
115735
115737
115749
115756
115761
115763
115767
115771
115795
115796
115797
115801
115825
115829
115831
115838
115840
115842
115851
115856
115866
115883
115890
115892
115909
115913
115924
115929
115932
115936
115939
115943
115944
115945
115948
115955
115956
115967
115969
115976
115984
115993
115995
115997
116003
116005
116006
116008
116016
116022
116029
116042
116063
116072
116074
116080
116081
116088
116102
116114
116120
116122
116129
116156
116157
116160
116170
116173
116192
116195
116196
116197
116200
116211
116216
116218
116221
116228
116236
116254
116261
116263
116266
116276
116281
116303
116304
116312
116316
116339
116347
116368
116373
116383
116398
116402
116403
116406
116410
116412
116414
116416
116422
116423
116441
116444
116448
116472
116473
116489
116498
116499
116500
116501
116505
116509
116511
116518
116537
116545
116553
116561
116562
116564
116567
116568
116569
116571
116579
116581
116582
116592
116597
116598
116604
116612
116613
116622
116626
116639
116642
116645
116649
116675
116676
116685
116699
116710
116715
116730
116740
116743
116754
116758
116761
116769
116778
116786
116788
116789
116809
116810
116824
116828
116834
116835
116837
116854
116863
116864
116873
116874
116886
116888
116895
116902
116906
116907
116915
116919
116924
116938
116944
116948
116961
116963
116964
116975
116985
116986
116994
116995
116997
117003
117015
117021
117025
117031
117049
117062
117063
117073
117078
117101
117102
117103
117105
117110
117134
117137
117144
117157
117167
117174
117177
117187
117191
117192
117196
117199
117201
117207
117208
117210
117215
117220
117231
117232
117233
117238
117254
117256
117259
117260
117263
117268
117275
117277
117278
117280
117289
117298
117299
117305
117307
117322
117330
117361
117362
117371
117372
117389
117390
117391
117392
117397
117401
117403
117414
117416
117418
117422
117425
117438
117441
117442
117446
117452
117455
117464
117481
117483
117490
117492
117493
117494
117505
117520
117521
117522
117531
117546
117548
117555
117571
117573
117575
117576
117587
117594
117600
117605
117606
117621
117623
117625
117633
117643
117658
117660
117671
117672
117675
117678
117681
117682
117683
117697
117709
117711
117713
117715
117716
117718
117726
117776
117778
117780
117792
117795
117800
117809
117810
117811
117813
117818
117820
117823
117828
117848
117849
117855
117861
117864
117869
117880
117889
117891
117892
117910
117912
117913
117920
117934
117938
117953
117955
117961
117967
117979
117983
117988
117993
117997
118004
118009
118013
118016
118017
118018
118021
118023
118036
118056
118059
118069
118073
118076
118079
118082
118088
118092
118093
118096
118101
118103
118110
118114
118115
118125
118129
118136
118147
118160
118161
118169
118171
118176
118178
118181
118183
118186
118197
118203
118217
118221
118223
118226
118233
118245
118256
118258
118262
118264
118265
118283
118295
118312
118324
118327
118331
118362
118365
118404
118406
118418
118430
118449
118453
118454
118455
118466
118473
118481
118484
118491
118494
118500
118503
118506
118519
118521
118526
118533
118534
118546
118556
118566
118569
118570
118579
118583
118585
118597
118603
118610
118621
118622
118628
118641
118647
118652
118662
118665
118666
118675
118677
118679
118680
118694
118696
118698
118722
118727
118732
118736
118746
118754
118757
118758
118768
118781
118787
118793
118809
118819
118833
118844
118847
118849
118853
118858
118859
118862
118865
118877
118884
118887
118889
118896
118903
118905
118908
118921
118925
118931
118939
118946
118954
118956
118961
118967
118969
118970
118975
118979
118982
118985
118987
118988
119013
119017
119020
119037
119041
119057
119064
119068
119078
119083
119085
119090
119097
119103
119139
119143
119147
119148
119157
119167
119171
119176
119180
119186
119193
119196
119199
119209
119215
119216
119219
119220
119222
119224
119238
119250
119257
119273
119274
119276
119279
119280
119281
119288
119293
119294
119310
119323
119345
119351
119353
119358
119363
119364
119372
119373
119388
119391
119416
119422
119424
119426
119431
119432
119434
119443
119444
119451
119466
119469
119472
119478
119481
119483
119489
119490
119496
119497
119500
119503
119508
119512
119514
119518
119530
119536
119544
119545
119553
119559
119560
119561
119564
119565
119569
119572
119580
119589
119593
119599
119600
119607
119629
119632
119637
119646
119647
119658
119661
119668
119673
119681
119682
119685
119693
119701
119732
119733
119760
119763
119768
119778
119780
119785
119791
119800
119807
119811
119817
119822
119831
119835
119844
119849
119851
119854
119855
119856
119857
119858
119867
119869
119870
119871
119880
119888
119893
119898
119900
119902
119907
119909
119910
119916
119924
119928
119932
119939
119945
119947
119957
119962
119964
119965
119966
119967
119975
119977
119983
119987
119991
119994
120005
120006
120025
120028
120033
120038
120057
120061
120071
120074
120096
120099
120111
120115
120119
120126
120127
120134
120136
120139
120149
120151
120153
120175
120182
120187
120191
120200
120201
120205
120207
120208
120210
120212
120217
120232
120244
120245
120246
120249
120250
120256
120261
120263
120270
120279
120280
120289
120295
120303
120306
120317
120319
120320
120325
120326
120327
120335
120336
120348
120354
120359
120383
120392
120393
120408
120411
120420
120425
120426
120428
120429
120432
120438
120450
120457
120458
120460
120465
120469
120471
120474
120475
120480
120486
120495
120510
120521
120536
120547
120555
120557
120561
120565
120570
120576
120581
120593
120595
120603
120611
120612
120613
120624
120631
120641
120647
120651
120654
120692
120702
120705
120706
120707
120715
120725
120732
120734
120739
120744
120750
120756
120758
120761
120763
120774
120781
120784
120786
120792
120802
120804
120818
120819
120825
120826
120839
120842
120859
120863
120867
120870
120871
120893
120894
120897
120905
120909
120920
120925
120927
120929
120936
120940
120944
120945
120946
120956
120961
120963
120965
120972
120973
120974
120986
120996
120998
121000
121002
121008
121015
121028
121034
121041
121055
121059
121065
121075
121076
121078
121080
121091
121098
121103
121119
121133
121136
121152
121154
121157
121159
121163
121169
121176
121194
121201
121204
121205
121209
121228
121230
121245
121250
121273
121284
121291
121296
121297
121306
121308
121316
121318
121319
121322
121327
121331
121353
121368
121372
121380
121381
121383
121384
121389
121393
121396
121397
121400
121403
121405
121411
121412
121414
121417
121418
121420
121425
121431
121442
121443
121445
121456
121457
121458
121461
121462
121471
121476
121481
121490
121491
121492
121501
121516
121518
121521
121539
121568
121571
121575
121581
121589
121592
121593
121604
121605
121609
121615
121616
121619
121641
121644
121657
121675
121678
121683
121684
121687
121695
121714
121715
121716
121717
121725
121728
121733
121736
121737
121742
121746
121748
121753
121757
121763
121766
121768
121771
121776
121780
121786
121791
121796
121801
121807
121808
121809
121813
121823
121828
121854
121856
121858
121859
121862
121866
121873
121877
121890
121908
121919
121929
121942
121947
121956
121969
121973
121992
121995
121996
121997
122003
122006
122015
122023
122024
122035
122038
122043
122045
122046
122102
122107
122113
122121
122128
122136
122151
122152
122161
122167
122169
122172
122179
122189
122192
122197
122205
122207
122218
122220
122223
122224
122227
122231
122232
122238
122242
122246
122295
122316
122317
122321
122343
122356
122360
122364
122367
122369
122388
122393
122399
122407
122408
122415
122422
122431
122432
122434
122443
122449
122450
122456
122459
122465
122475
122477
122478
122485
122487
122490
122511
122517
122519
122528
122558
122563
122565
122567
122569
122577
122580
122585
122588
122599
122603
122607
122613
122626
122631
122636
122637
122646
122653
122655
122667
122668
122671
122672
122681
122682
122683
122684
122708
122712
122717
122719
122722
122723
122724
122725
122729
122736
122737
122742
122743
122747
122757
122763
122766
122768
122793
122794
122806
122812
122825
122826
122831
122836
122839
122843
122852
122854
122858
122864
122870
122879
122888
122895
122911
122912
122918
122927
122930
122950
122962
122989
122993
123009
123017
123022
123028
123029
123032
123040
123044
123047
123055
123064
123065
123066
123067
123083
123088
123090
123094
123103
123104
123106
123111
123113
123117
123146
123148
123151
123153
123156
123159
123173
123183
123185
123190
123193
123197
123201
123203
123213
123224
123225
123234
123239
123254
123261
123264
123267
123273
123277
123280
123289
123294
123295
123310
123318
123320
123325
123329
123331
123337
123339
123340
123347
123357
123363
123374
123380
123386
123387
123389
123391
123396
123397
123403
123409
123413
123416
123423
123427
123438
123444
123447
123457
123458
123460
123467
123480
123489
123492
123504
123523
123524
123529
123545
123548
123550
123564
123568
123570
123571
123573
123584
123586
123601
123603
123605
123611
123616
123625
123628
123634
123638
123653
123659
123667
123674
123678
123684
123699
123704
123705
123708
123709
123715
123725
123726
123731
123735
123738
123743
123749
123752
123754
123755
123758
123772
123774
123787
123789
123792
123801
123807
123824
123834
123835
123836
123842
123844
123848
123857
123861
123867
123874
123875
123883
123887
123890
123899
123908
123914
123917
123919
123921
123923
123938
123941
123944
123945
123951
123956
123960
123972
123983
123985
123990
123991
124009
124029
124037
124042
124050
124055
124057
124063
124073
124076
124082
124094
124108
124113
124117
124124
124125
124129
124130
124137
124142
124152
124153
124154
124159
124163
124176
124183
124184
124188
124194
124198
124206
124215
124218
124237
124239
124249
124254
124255
124260
124262
124263
124267
124277
124279
124299
124300
124301
124305
124308
124317
124319
124335
124352
124359
124380
124384
124390
124398
124408
124413
124415
124418
124422
124449
124455
124463
124476
124478
124479
124480
124481
124502
124504
124512
124516
124524
124525
124535
124539
124543
124546
124548
124550
124552
124561
124569
124571
124578
124580
124581
124583
124601
124608
124616
124621
124623
124637
124641
124642
124643
124647
124662
124666
124667
124682
124696
124705
124715
124722
124757
124764
124774
124783
124784
124785
124791
124793
124795
124812
124813
124821
124827
124830
124833
124834
124835
124839
124842
124843
124844
124846
124853
124865
124868
124871
124875
124878
124890
124892
124893
124900
124902
124912
124913
124916
124929
124933
124936
124940
124944
124952
124960
124967
124970
124982
124983
124994
125002
125003
125011
125012
125013
125030
125031
125033
125059
125065
125076
125096
125097
125100
125104
125108
125124
125126
125128
125158
125165
125167
125177
125178
125181
125185
125195
125196
125210
125214
125218
125225
125252
125253
125256
125260
125277
125281
125283
125289
125291
125295
125296
125297
125305
125310
125326
125330
125334
125343
125345
125353
125357
125358
125362
125364
125369
125370
125373
125375
125385
125388
125396
125403
125407
125414
125415
125420
125435
125437
125458
125466
125468
125472
125474
125481
125482
125483
125492
125500
125501
125510
125520
125522
125530
125531
125540
125552
125553
125559
125561
125575
125582
125594
125600
125602
125619
125623
125635
125637
125647
125652
125656
125678
125680
125688
125693
125699
125701
125703
125709
125716
125721
125722
125724
125727
125729
125736
125737
125738
125752
125754
125761
125764
125768
125776
125778
125794
125814
125815
125818
125820
125825
125827
125831
125838
125840
125844
125848
125851
125860
125863
125866
125867
125868
125872
125875
125883
125892
125922
125939
125945
125951
125967
125978
125984
125987
125988
126000
126003
126015
126024
126036
126057
126072
126077
126078
126079
126081
126089
126099
126101
126104
126110
126122
126123
126128
126133
126139
126149
126154
126162
126164
126165
126166
126176
126188
126191
126193
126196
126210
126211
126214
126217
126220
126228
126230
126235
126241
126242
126244
126262
126271
126279
126286
126296
126317
126324
126329
126332
126335
126339
126345
126346
126361
126362
126365
126378
126379
126380
126399
126413
126414
126424
126426
126433
126434
126452
126468
126480
126483
126487
126493
126494
126495
126502
126517
126523
126537
126545
126548
126559
126562
126566
126571
126572
126582
126583
126588
126598
126606
126607
126610
126612
126615
126628
126640
126643
126645
126646
126652
126656
126663
126685
126696
126701
126708
126712
126716
126721
126722
126730
126731
126738
126744
126745
126752
126761
126772
126786
126794
126804
126805
126806
126812
126819
126824
126828
126840
126847
126850
126851
126854
126863
126870
126871
126884
126886
126897
126904
126905
126906
126910
126928
126931
126942
126956
126964
126965
126976
126977
126980
126981
126982
126994
127000
127008
127009
127029
127030
127031
127033
127058
127061
127063
127070
127071
127074
127082
127087
127095
127103
127108
127110
127128
127132
127138
127158
127179
127189
127199
127204
127223
127230
127251
127255
127290
127295
127302
127310
127315
127317
127335
127336
127339
127346
127356
127363
127369
127378
127395
127398
127401
127404
127416
127418
127420
127445
127461
127462
127475
127486
127489
127498
127505
127508
127510
127512
127515
127526
127527
127529
127530
127543
127558
127559
127580
127584
127596
127613
127619
127628
127635
127653
127663
127666
127667
127668
127678
127688
127704
127707
127711
127719
127729
127743
127745
127747
127755
127759
127760
127762
127772
127773
127787
127796
127803
127807
127809
127810
127818
127826
127835
127845
127850
127854
127858
127861
127871
127874
127876
127878
127889
127927
127928
127940
127945
127953
127958
127960
127966
127988
127990
127991
128001
128005
128008
128017
128026
128027
128028
128036
128049
128056
128060
128064
128073
128076
128081
128090
128103
128107
128108
128110
128128
128140
128142
128145
128186
128187
128188
128189
128194
128199
128200
128203
128206
128209
128211
128217
128226
128240
128257
128258
128272
128290
128292
128295
128296
128304
128314
128316
128324
128334
128335
128339
128344
128348
128362
128363
128367
128373
128377
128386
128396
128403
128411
128412
128415
128421
128436
128448
128450
128451
128470
128471
128474
128479
128507
128518
128525
128526
128528
128537
128539
128540
128541
128546
128551
128578
128579
128583
128588
128603
128619
128626
128628
128634
128636
128641
128653
128664
128672
128673
128686
128697
128699
128705
128720
128726
128728
128733
128739
128749
128756
128771
128772
128774
128776
128800
128804
128810
128826
128835
128857
128863
128867
128885
128892
128909
128910
128914
128919
128920
128926
128929
128930
128932
128940
128950
128953
128956
128959
128964
128990
129007
129012
129014
129021
129024
129028
129044
129048
129061
129062
129067
129075
129079
129080
129083
129087
129097
129100
129108
129111
129121
129124
129125
129128
129130
129131
129138
129140
129144
129145
129148
129154
129155
129161
129181
129184
129189
129191
129195
129199
129203
129213
129220
129224
129238
129247
129250
129268
129270
129289
129295
129304
129322
129324
129329
129331
129334
129336
129339
129342
129343
129344
129353
129354
129356
129370
129373
129377
129387
129390
129396
129427
129448
129452
129453
129456
129459
129461
129463
129473
129475
129478
129484
129485
129489
129490
129492
129494
129496
129511
129541
129542
129547
129552
129555
129559
129575
129577
129585
129589
129590
129600
129602
129606
129609
129614
129616
129620
129649
129652
129692
129697
129702
129705
129706
129710
129722
129734
129741
129743
129759
129764
129769
129770
129784
129788
129791
129802
129809
129810
129815
129818
129819
129820
129821
129829
129830
129833
129838
129840
129847
129849
129855
129861
129864
129871
129887
129891
129901
129904
129905
129908
129912
129921
129923
129925
129926
129929
129941
129959
129984
129988
129997
130009
130016
130017
130018
130027
130030
130040
130045
130048
130052
130053
130071
130073
130077
130085
130092
130095
130096
130102
130103
130110
130111
130123
130124
130126
130130
130137
130156
130187
130194
130195
130201
130210
130215
130221
130224
130225
130228
130230
130239
130245
130246
130250
130252
130258
130268
130287
130292
130295
130296
130305
130308
130318
130335
130337
130340
130346
130354
130360
130361
130363
130366
130369
130379
130381
130393
130394
130400
130403
130405
130423
130437
130441
130442
130451
130459
130461
130466
130469
130470
130471
130476
130479
130488
130489
130492
130498
130510
130512
130536
130541
130551
130554
130575
130581
130584
130585
130596
130599
130602
130609
130619
130625
130630
130635
130640
130642
130658
130663
130665
130677
130685
130693
130695
130699
130711
130729
130739
130750
130765
130775
130779
130782
130783
130784
130819
130827
130852
130854
130857
130858
130867
130874
130881
130887
130890
130891
130896
130908
130912
130916
130917
130920
130929
130931
130933
130935
130945
130952
130957
130961
130964
130971
130973
130984
130992
131000
131003
131004
131006
131008
131015
131022
131025
131043
131050
131051
131054
131056
131063
131068
131070
131072
131077
131079
131085
131091
131095
131096
131099
131101
131102
131125
131129
131138
131146
131154
131161
131162
131170
131174
131176
131178
131183
131187
131190
131195
131204
131210
131214
131218
131228
131232
131255
131258
131265
131275
131277
131294
131308
131311
131312
131313
131314
131315
131320
131354
131360
131366
131371
131372
131373
131381
131382
131383
131397
131412
131425
131427
131437
131439
131447
131456
131466
131479
131486
131488
131491
131501
131506
131517
131524
131526
131537
131545
131546
131559
131563
131567
131578
131593
131599
131604
131608
131611
131613
131614
131618
131619
131622
131645
131646
131653
131665
131680
131684
131691
131695
131734
131752
131759
131769
131773
131775
131780
131789
131800
131801
131802
131813
131814
131824
131833
131835
131838
131845
131850
131855
131859
131860
131864
131868
131871
131880
131881
131885
131888
131895
131902
131912
131915
131920
131923
131927
131932
131944
131946
131948
131956
131957
131960
131961
131963
131972
131978
131983
131996
132002
132003
132007
132010
132011
132015
132022
132031
132032
132034
132035
132052
132069
132081
132084
132088
132112
132115
132122
132139
132143
132144
132150
132152
132158
132163
132172
132173
132176
132185
132189
132195
132201
132210
132216
132218
132219
132230
132239
132248
132249
132251
132261
132272
132280
132289
132291
132321
132342
132343
132355
132356
132384
132385
132392
132410
132425
132426
132438
132461
132462
132472
132473
132474
132482
132491
132502
132506
132514
132520
132521
132527
132530
132541
132543
132547
132563
132568
132569
132571
132584
132592
132593
132594
132613
132615
132620
132628
132633
132634
132640
132641
132642
132648
132649
132657
132668
132683
132685
132689
132705
132717
132720
132726
132730
132733
132735
132746
132755
132762
132763
132766
132772
132776
132779
132782
132790
132796
132797
132800
132808
132810
132819
132830
132831
132837
132851
132854
132858
132861
132869
132875
132878
132882
132886
132888
132900
132903
132920
132921
132922
132933
132934
132937
132938
132941
132958
132959
132963
132973
132974
132993
132997
133002
133006
133007
133030
133040
133041
133048
133049
133053
133068
133069
133078
133080
133087
133095
133096
133104
133110
133115
133120
133124
133127
133133
133135
133136
133140
133145
133147
133148
133151
133154
133165
133179
133180
133182
133185
133195
133204
133205
133215
133218
133224
133229
133234
133236
133237
133254
133255
133257
133267
133276
133282
133285
133295
133309
133310
133311
133314
133324
133327
133334
133335
133353
133359
133360
133365
133368
133373
133382
133397
133404
133409
133410
133414
133421
133431
133434
133436
133445
133449
133458
133462
133474
133475
133479
133487
133491
133509
133515
133517
133521
133526
133527
133539
133542
133551
133553
133563
133572
133573
133588
133597
133599
133601
133602
133606
133609
133626
133639
133646
133652
133657
133666
133667
133689
133690
133691
133697
133701
133703
133719
133728
133733
133736
133739
133745
133759
133763
133764
133765
133772
133776
133777
133789
133791
133799
133802
133804
133805
133824
133841
133848
133850
133855
133857
133862
133875
133877
133893
133895
133902
133908
133909
133925
133926
133929
133937
133943
133946
133958
133970
133976
133977
133980
133984
133993
133994
134000
134006
134008
134010
134022
134027
134028
134033
134037
134045
134046
134047
134068
134072
134084
134087
134088
134100
134105
134108
134111
134115
134117
134120
134121
134130
134138
134144
134148
134151
134163
134169
134172
134178
134179
134181
134197
134215
134230
134254
134264
134275
134300
134327
134341
134355
134360
134366
134380
134390
134392
134403
134420
134425
134427
134430
134435
134444
134479
134484
134494
134495
134499
134501
134507
134510
134534
134541
134547
134551
134555
134562
134563
134568
134572
134575
134577
134587
134597
134598
134607
134610
134613
134621
134622
134628
134638
134646
134647
134655
134661
134662
134669
134670
134687
134688
134707
134726
134731
134734
134738
134741
134742
134751
134753
134780
134782
134792
134794
134795
134797
134805
134810
134817
134818
134829
134833
134834
134838
134840
134847
134848
134858
134861
134870
134871
134876
134883
134885
134887
134889
134891
134902
134903
134912
134924
134925
134926
134927
134948
134958
134962
134965
134979
134980
134981
134983
134984
134985
134987
134988
134991
134992
135000
135009
135011
135013
135017
135020
135029
135033
135036
135050
135055
135061
135062
135066
135068
135069
135072
135076
135079
135084
135086
135087
135090
135092
135099
135102
135111
135113
135118
135126
135134
135163
135171
135176
135180
135182
135186
135191
135193
135195
135197
135202
135205
135210
135216
135237
135246
135252
135257
135266
135269
135279
135286
135288
135289
135304
135305
135312
135323
135325
135327
135329
135330
135351
135363
135367
135378
135381
135384
135388
135389
135390
135396
135397
135403
135406
135415
135431
135435
135437
135441
135445
135447
135448
135466
135469
135475
135486
135487
135488
135495
135506
135509
135510
135511
135514
135522
135526
135533
135534
135535
135547
135550
135552
135553
135554
135557
135560
135564
135565
135566
135578
135588
135592
135593
135597
135600
135605
135606
135609
135618
135625
135634
135645
135651
135656
135659
135680
135684
135714
135718
135722
135738
135761
135762
135763
135764
135768
135774
135776
135778
135783
135790
135792
135808
135811
135812
135814
135818
135822
135823
135828
135831
135846
135849
135852
135853
135857
135873
135882
135891
135892
135896
135897
135898
135899
135928
135938
135943
135944
135946
135947
135963
135964
135972
135976
135984
135987
135991
135995
136006
136010
136013
136030
136031
136035
136036
136038
136048
136049
136057
136061
136074
136092
136093
136096
136100
136105
136108
136110
136119
136123
136131
136132
136144
136151
136158
136161
136167
136174
136176
136178
136180
136183
136189
136191
136193
136194
136196
136205
136218
136226
136236
136240
136246
136247
136251
136252
136255
136256
136263
136279
136316
136322
136329
136337
136340
136341
136344
136345
136357
136364
136367
136369
136380
136385
136386
136391
136393
136398
136399
136405
136420
136422
136439
136444
136445
136446
136465
136467
136468
136479
136482
136501
136505
136515
136521
136529
136530
136531
136532
136536
136539
136545
136556
136571
136573
136579
136591
136593
136594
136604
136609
136611
136614
136621
136635
136643
136660
136665
136668
136684
136698
136721
136725
136729
136731
136735
136752
136758
136768
136777
136779
136781
136787
136817
136818
136827
136831
136852
136853
136859
136862
136864
136866
136867
136875
136882
136886
136901
136921
136925
136929
136936
136944
136945
136951
136952
136969
136976
136984
136993
136996
137001
137006
137022
137023
137032
137040
137061
137062
137068
137071
137078
137081
137084
137087
137104
137120
137121
137154
137156
137158
137161
137162
137174
137176
137185
137186
137189
137190
137195
137200
137203
137212
137218
137220
137224
137231
137235
137236
137241
137262
137264
137269
137283
137287
137289
137296
137300
137307
137312
137313
137321
137335
137340
137345
137348
137353
137354
137356
137370
137371
137372
137374
137376
137379
137380
137405
137408
137412
137416
137421
137422
137436
137437
137438
137439
137440
137449
137453
137455
137462
137465
137483
137487
137491
137506
137508
137512
137521
137523
137528
137533
137544
137545
137548
137550
137552
137558
137569
137574
137585
137586
137603
137605
137623
137627
137634
137640
137648
137651
137656
137673
137675
137678
137685
137690
137691
137700
137708
137728
137739
137741
137746
137756
137759
137763
137772
137781
137782
137783
137813
137827
137832
137841
137852
137855
137878
137894
137901
137905
137909
137911
137913
137925
137930
137940
137950
137951
137980
137987
137989
138001
138011
138018
138020
138022
138024
138025
138034
138041
138044
138050
138061
138067
138075
138077
138080
138082
138083
138091
138095
138097
138099
138102
138105
138107
138110
138116
138129
138173
138184
138186
138189
138190
138195
138198
138202
138210
138218
138219
138232
138233
138234
138238
138239
138240
138247
138249
138250
138254
138260
138263
138264
138265
138267
138271
138275
138277
138282
138303
138316
138328
138329
138330
138332
138333
138334
138382
138384
138394
138396
138397
138398
138400
138410
138416
138418
138429
138431
138432
138435
138439
138445
138456
138457
138468
138478
138498
138500
138504
138509
138514
138524
138525
138527
138535
138536
138544
138565
138570
138580
138598
138608
138610
138611
138614
138624
138632
138637
138638
138642
138649
138656
138659
138675
138676
138678
138681
138687
138693
138699
138707
138710
138720
138734
138740
138755
138765
138772
138780
138786
138800
138801
138817
138820
138821
138829
138837
138839
138843
138846
138847
138850
138865
138870
138875
138881
138889
138890
138891
138893
138899
138901
138911
138916
138921
138925
138928
138939
138945
138948
138950
138955
138958
138962
138966
138971
138972
138980
138991
138993
138996
138998
139006
139015
139019
139022
139030
139034
139041
139057
139066
139067
139068
139072
139088
139089
139102
139106
139116
139124
139138
139139
139150
139154
139156
139165
139172
139182
139184
139187
139203
139217
139227
139237
139239
139244
139249
139260
139273
139280
139303
139318
139323
139331
139337
139341
139342
139345
139366
139367
139387
139388
139391
139393
139394
139396
139404
139405
139414
139415
139416
139418
139423
139425
139443
139446
139448
139452
139470
139472
139473
139475
139484
139490
139493
139499
139504
139505
139510
139519
139528
139535
139540
139554
139567
139570
139580
139585
139588
139597
139598
139602
139603
139607
139617
139619
139628
139638
139639
139642
139643
139652
139654
139655
139672
139678
139692
139705
139712
139716
139722
139726
139732
139733
139737
139740
139741
139746
139748
139751
139753
139754
139755
139761
139773
139775
139783
139796
139798
139816
139819
139823
139846
139849
139852
139858
139865
139867
139889
139895
139907
139915
139916
139921
139923
139934
139936
139942
139958
139970
139973
139974
139980
139988
139989
139992
139999
140000
140001
140023
140030
140031
140033
140036
140041
140056
140060
140065
140067
140070
140072
140091
140096
140098
140099
140102
140107
140111
140113
140124
140128
140147
140149
140150
140160
140166
140173
140182
140188
140193
140197
140199
140206
140208
140210
140218
140221
140229
140245
140252
140256
140258
140259
140260
140264
140265
140267
140268
140280
140283
140285
140286
140289
140305
140308
140336
140340
140346
140352
140360
140371
140375
140379
140380
140382
140394
140419
140420
140421
140423
140433
140442
140448
140451
140470
140473
140477
140484
140486
140495
140511
140513
140532
140533
140538
140545
140546
140568
140575
140576
140591
140599
140605
140615
140627
140639
140671
140675
140677
140684
140694
140699
140713
140732
140735
140739
140742
140744
140758
140761
140766
140771
140777
140781
140787
140789
140791
140793
140796
140799
140807
140809
140814
140819
140824
140837
140841
140842
140844
140847
140863
140868
140869
140870
140876
140878
140886
140891
140897
140899
140904
140907
140917
140926
140933
140943
140954
140962
140963
140974
140979
140984
140997
141002
141006
141007
141036
141038
141044
141049
141053
141054
141058
141060
141065
141079
141092
141102
141113
141115
141116
141118
141119
141123
141129
141133
141136
141151
141152
141153
141159
141175
141177
141186
141188
141190
141191
141200
141224
141228
141229
141235
141262
141265
141269
141279
141283
141297
141308
141310
141316
141323
141326
141331
141333
141336
141356
141357
141362
141372
141379
141381
141384
141392
141399
141407
141408
141410
141411
141418
141429
141433
141435
141442
141443
141445
141446
141448
141452
141454
141456
141467
141469
141470
141489
141495
141509
141513
141514
141515
141516
141524
141529
141540
141545
141546
141552
141558
141571
141573
141582
141585
141590
141595
141596
141612
141613
141632
141637
141643
141648
141657
141665
141683
141689
141690
141699
141702
141725
141729
141730
141736
141737
141739
141750
141770
141787
141793
141796
141801
141816
141820
141863
141871
141886
141900
141904
141905
141913
141929
141931
141935
141936
141938
141941
141943
141957
141959
141973
141979
141994
142002
142004
142005
142021
142028
142031
142037
142041
142065
142067
142078
142084
142097
142105
142111
142116
142124
142127
142128
142129
142130
142136
142146
142147
142152
142164
142175
142181
142184
142186
142190
142193
142194
142203
142204
142207
142211
142214
142218
142228
142240
142244
142247
142251
142253
142259
142260
142268
142276
142278
142282
142284
142294
142309
142318
142319
142320
142327
142333
142343
142350
142352
142360
142362
142372
142377
142380
142398
142409
142410
142413
142417
142437
142438
142459
142460
142463
142464
142466
142467
142473
142475
142476
142477
142480
142481
142482
142493
142496
142509
142518
142522
142524
142531
142533
142542
142545
142549
142553
142554
142557
142561
142562
142566
142569
142574
142575
142583
142585
142588
142598
142600
142607
142616
142624
142625
142637
142641
142645
142654
142662
142664
142672
142674
142676
142685
142687
142699
142708
142712
142717
142748
142749
142755
142760
142763
142766
142767
142774
142776
142780
142785
142806
142807
142809
142826
142831
142834
142844
142849
142851
142857
142866
142867
142872
142884
142894
142901
142912
142914
142933
142934
142935
142937
142938
142940
142944
142960
142976
142978
142995
142996
142999
143000
143002
143004
143006
143007
143030
143036
143048
143054
143079
143083
143086
143087
143100
143101
143103
143130
143133
143138
143142
143162
143163
143170
143173
143186
143189
143195
143201
143213
143214
143242
143244
143246
143247
143252
143255
143256
143257
143261
143264
143271
143280
143286
143293
143316
143332
143335
143337
143349
143366
143367
143374
143375
143382
143393
143399
143403
143404
143405
143408
143409
143412
143427
143428
143433
143451
143453
143468
143475
143476
143499
143502
143510
143520
143522
143523
143528
143532
143539
143554
143555
143556
143569
143583
143590
143598
143605
143607
143612
143619
143622
143636
143637
143643
143644
143646
143653
143667
143673
143691
143698
143706
143714
143724
143740
143741
143751
143754
143760
143763
143767
143776
143779
143781
143784
143789
143790
143791
143792
143805
143811
143813
143827
143840
143841
143843
143845
143849
143853
143854
143859
143860
143864
143869
143871
143877
143882
143885
143886
143891
143912
143913
143919
143924
143925
143930
143948
143952
143959
143960
143961
143962
143963
143967
143976
143981
143989
143992
143999
144003
144005
144007
144016
144020
144024
144028
144029
144033
144039
144047
144048
144058
144059
144066
144075
144077
144081
144082
144090
144096
144100
144107
144110
144111
144118
144121
144122
144129
144152
144153
144157
144168
144171
144174
144177
144181
144197
144199
144209
144216
144227
144243
144246
144249
144253
144254
144255
144256
144266
144269
144273
144279
144289
144292
144306
144317
144337
144345
144350
144356
144362
144369
144370
144390
144391
144393
144400
144420
144427
144428
144433
144434
144439
144443
144447
144451
144455
144463
144469
144477
144478
144479
144481
144482
144490
144518
144519
144521
144530
144532
144536
144537
144539
144547
144548
144560
144564
144565
144569
144570
144572
144578
144588
144598
144600
144602
144616
144619
144620
144624
144625
144633
144637
144638
144640
144641
144646
144650
144653
144664
144676
144677
144686
144696
144706
144716
144732
144733
144736
144738
144743
144749
144754
144757
144764
144767
144768
144793
144802
144806
144811
144814
144822
144826
144828
144829
144836
144845
144860
144865
144889
144895
144904
144908
144910
144926
144930
144932
144944
144945
144947
144961
144966
144968
144985
145000
145008
145018
145021
145029
145044
145077
145084
145085
145087
145089
145097
145104
145106
145110
145114
145118
145122
145124
145136
145138
145147
145151
145159
145166
145169
145170
145180
145186
145187
145190
145196
145208
145209
145215
145220
145223
145228
145231
145237
145239
145243
145246
145255
145264
145266
145271
145272
145279
145288
145300
145312
145324
145340
145341
145350
145358
145362
145364
145366
145383
145385
145393
145396
145398
145401
145406
145408
145411
145414
145415
145428
145429
145436
145449
145450
145456
145459
145467
145468
145469
145470
145491
145502
145507
145513
145515
145516
145518
145521
145526
145527
145529
145532
145537
145547
145551
145557
145563
145566
145582
145583
145589
145592
145596
145601
145605
145616
145633
145643
145648
145649
145652
145663
145665
145668
145670
145690
145691
145699
145701
145706
145707
145721
145722
145724
145725
145731
145733
145736
145738
145745
145753
145754
145759
145763
145771
145777
145785
145788
145803
145824
145831
145833
145836
145837
145839
145843
145848
145852
145854
145875
145880
145898
145913
145914
145931
145943
145945
145946
145948
145950
145955
145964
145973
145974
145979
146008
146010
146012
146016
146018
146019
146025
146027
146029
146046
146054
146062
146068
146069
146082
146093
146099
146109
146115
146118
146120
146125
146127
146132
146136
146141
146143
146158
146166
146175
146176
146184
146185
146193
146196
146203
146226
146228
146238
146243
146245
146248
146258
146259
146265
146272
146273
146274
146277
146297
146298
146304
146306
146320
146324
146334
146335
146342
146343
146347
146362
146366
146373
146374
146378
146393
146394
146397
146403
146409
146422
146423
146424
146436
146439
146441
146447
146448
146456
146458
146460
146462
146465
146467
146472
146473
146476
146479
146483
146495
146507
146517
146524
146543
146546
146547
146549
146562
146563
146564
146567
146570
146575
146580
146581
146582
146591
146597
146601
146609
146611
146612
146627
146632
146634
146647
146656
146658
146671
146675
146679
146697
146700
146708
146711
146730
146739
146757
146763
146770
146771
146774
146775
146785
146789
146795
146802
146805
146827
146829
146830
146833
146848
146854
146864
146865
146871
146872
146890
146896
146903
146904
146905
146917
146919
146940
146943
146945
146960
146976
146979
146980
147004
147005
147017
147035
147045
147053
147061
147063
147065
147066
147076
147084
147104
147108
147116
147121
147123
147130
147131
147132
147134
147139
147143
147155
147157
147161
147176
147179
147180
147181
147185
147190
147210
147218
147219
147220
147236
147237
147239
147240
147244
147263
147265
147267
147268
147269
147272
147275
147276
147291
147301
147306
147307
147320
147330
147333
147348
147352
147353
147355
147362
147363
147364
147365
147367
147368
147371
147395
147405
147409
147412
147417
147430
147437
147445
147452
147466
147471
147478
147480
147486
147494
147504
147514
147515
147523
147529
147531
147542
147545
147549
147554
147566
147568
147569
147570
147580
147581
147585
147601
147604
147608
147615
147621
147631
147639
147650
147672
147674
147695
147697
147703
147709
147732
147739
147744
147751
147761
147771
147779
147790
147792
147795
147800
147801
147803
147818
147823
147831
147833
147838
147856
147860
147861
147869
147888
147889
147895
147896
147906
147913
147915
147918
147920
147937
147940
147950
147952
147954
147963
147988
147990
147998
148002
148003
148007
148009
148015
148018
148019
148041
148044
148053
148056
148059
148062
148064
148070
148071
148073
148080
148081
148103
148104
148118
148120
148122
148140
148141
148144
148147
148149
148154
148159
148163
148165
148168
148169
148187
148194
148196
148197
148212
148213
148221
148232
148239
148240
148244
148247
148253
148254
148256
148257
148262
148264
148279
148281
148291
148300
148307
148338
148340
148342
148355
148369
148378
148383
148385
148407
148420
148425
148428
148435
148436
148437
148438
148440
148442
148449
148450
148465
148480
148486
148492
148498
148499
148503
148514
148516
148530
148552
148567
148587
148601
148613
148617
148621
148627
148630
148632
148648
148652
148656
148658
148659
148668
148670
148678
148686
148688
148697
148703
148714
148723
148740
148746
148747
148756
148768
148775
148777
148779
148789
148794
148796
148815
148821
148835
148837
148849
148852
148866
148873
148877
148891
148903
148907
148912
148918
148921
148924
148928
148936
148955
148958
148960
148961
148971
148985
148988
148990
148992
148996
149001
149003
149005
149018
149047
149050
149054
149057
149066
149067
149070
149078
149089
149090
149091
149096
149110
149123
149126
149131
149152
149161
149165
149166
149168
149173
149176
149187
149189
149190
149192
149194
149197
149200
149211
149216
149224
149238
149240
149241
149243
149256
149267
149270
149275
149282
149284
149294
149304
149307
149309
149310
149320
149326
149332
149341
149352
149361
149363
149365
149368
149369
149370
149371
149392
149400
149405
149407
149408
149409
149410
149424
149425
149432
149433
149445
149446
149457
149461
149469
149473
149475
149476
149478
149482
149483
149485
149493
149499
149500
149505
149507
149508
149510
149533
149538
149540
149545
149551
149553
149571
149585
149603
149612
149620
149622
149628
149636
149641
149645
149649
149657
149662
149667
149678
149680
149694
149697
149703
149705
149710
149723
149728
149731
149732
149747
149755
149762
149772
149787
149808
149810
149822
149823
149829
149830
149837
149849
149859
149860
149864
149877
149890
149891
149895
149897
149905
149907
149914
149943
149951
149961
149969
149974
149975
149976
149982
149994
150000
150008
150016
150017
150019
150025
150036
150054
150061
150062
150073
150074
150076
150077
150084
150086
150095
150096
150109
150110
150130
150132
150144
150156
150161
150163
150168
150172
150173
150177
150178
150185
150205
150236
150240
150258
150262
150263
150274
150277
150279
150305
150319
150323
150324
150328
150334
150335
150337
150345
150348
150363
150370
150372
150377
150379
150386
150394
150397
150402
150404
150415
150429
150430
150432
150434
150441
150460
150468
150477
150482
150487
150488
150492
150497
150499
150523
150526
150527
150543
150548
150551
150554
150567
150575
150578
150585
150589
150591
150605
150606
150638
150639
150642
150651
150657
150663
150668
150686
150687
150702
150705
150721
150722
150726
150735
150742
150761
150764
150776
150777
150779
150791
150830
150835
150841
150850
150855
150857
150869
150879
150880
150891
150894
150899
150902
150912
150914
150927
150946
150951
150961
150979
151005
151008
151021
151033
151035
151040
151053
151056
151058
151059
151065
151067
151075
151077
151078
151082
151087
151099
151102
151106
151108
151121
151123
151135
151137
151149
151157
151159
151160
151169
151174
151176
151183
151199
151206
151216
151227
151235
151236
151237
151244
151247
151250
151260
151261
151269
151274
151287
151292
151294
151296
151321
151322
151334
151335
151353
151363
151369
151379
151382
151398
151399
151412
151430
151431
151433
151443
151449
151454
151462
151465
151496
151501
151504
151506
151513
151515
151529
151539
151541
151545
151547
151551
151556
151558
151569
151573
151575
151589
151592
151594
151609
151610
151614
151616
151617
151624
151629
151641
151648
151652
151653
151658
151667
151670
151677
151679
151696
151697
151698
151707
151709
151710
151719
151727
151737
151738
151748
151754
151759
151766
151769
151770
151771
151779
151781
151795
151816
151818
151828
151829
151832
151842
151846
151858
151873
151874
151875
151880
151886
151888
151907
151923
151924
151928
151929
151936
151943
151954
151955
151956
151964
151974
151980
151983
151987
151991
151994
152000
152011
152012
152014
152022
152029
152030
152034
152038
152055
152056
152062
152066
152067
152069
152071
152074
152075
152091
152096
152098
152121
152139
152141
152146
152148
152157
152161
152163
152183
152191
152194
152198
152201
152213
152218
152221
152227
152238
152250
152253
152254
152259
152267
152288
152292
152294
152296
152308
152310
152316
152319
152324
152326
152329
152331
152332
152338
152344
152346
152352
152355
152356
152363
152368
152382
152383
152385
152389
152394
152398
152401
152403
152408
152415
152419
152422
152434
152436
152444
152447
152448
152451
152455
152458
152464
152467
152472
152491
152493
152498
152500
152508
152510
152512
152518
152521
152522
152525
152529
152531
152537
152546
152551
152552
152558
152559
152566
152567
152580
152583
152586
152590
152598
152605
152609
152614
152634
152640
152641
152648
152650
152654
152657
152673
152691
152693
152700
152715
152720
152726
152729
152732
152733
152749
152755
152758
152760
152769
152772
152781
152786
152788
152790
152803
152807
152819
152826
152829
152830
152831
152835
152840
152847
152854
152867
152868
152869
152873
152876
152886
152888
152905
152915
152925
152929
152938
152941
152945
152951
152957
152967
152974
152996
153000
153008
153013
153024
153029
153040
153063
153064
153067
153069
153077
153082
153083
153084
153089
153095
153098
153104
153117
153118
153119
153122
153129
153130
153131
153134
153137
153153
153163
153172
153183
153191
153197
153212
153224
153231
153233
153246
153248
153256
153268
153280
153283
153287
153309
153310
153314
153320
153327
153328
153342
153353
153361
153366
153367
153372
153376
153382
153383
153384
153398
153403
153410
153430
153432
153453
153467
153472
153480
153486
153489
153495
153513
153515
153519
153522
153536
153538
153539
153543
153546
153550
153563
153567
153571
153575
153576
153580
153582
153592
153596
153600
153618
153622
153626
153633
153650
153656
153660
153664
153667
153678
153679
153690
153695
153702
153722
153726
153730
153732
153733
153735
153736
153738
153741
153742
153748
153754
153758
153773
153784
153792
153795
153819
153823
153835
153843
153858
153860
153867
153868
153872
153875
153877
153882
153899
153900
153910
153915
153926
153943
153945
153947
153962
153971
153975
153977
153978
153984
153989
153992
154003
154009
154011
154023
154028
154030
154040
154045
154049
154057
154064
154069
154074
154076
154079
154093
154111
154114
154116
154131
154137
154139
154148
154161
154162
154173
154176
154177
154178
154183
154185
154193
154198
154202
154217
154218
154232
154245
154259
154264
154265
154272
154274
154278
154287
154294
154295
154296
154298
154310
154317
154319
154324
154328
154335
154346
154367
154369
154378
154383
154384
154386
154396
154398
154402
154403
154405
154416
154418
154421
154423
154427
154435
154441
154443
154445
154446
154465
154474
154484
154500
154508
154509
154510
154515
154516
154520
154524
154525
154526
154529
154536
154546
154563
154564
154575
154578
154583
154588
154589
154598
154600
154601
154608
154614
154623
154627
154629
154634
154635
154652
154653
154658
154667
154669
154673
154686
154687
154693
154696
154705
154721
154722
154746
154748
154758
154761
154770
154774
154776
154782
154785
154786
154791
154799
154810
154821
154823
154826
154827
154830
154831
154833
154834
154847
154858
154863
154864
154867
154890
154894
154895
154896
154898
154902
154903
154906
154913
154929
154943
154951
154957
154962
154976
154994
154995
155004
155006
155008
155015
155018
155033
155039
155041
155042
155043
155044
155056
155066
155071
155074
155078
155080
155081
155092
155093
155094
155103
155109
155113
155115
155123
155130
155136
155149
155154
155161
155164
155166
155182
155186
155188
155198
155200
155220
155226
155229
155231
155240
155242
155247
155262
155272
155287
155288
155290
155292
155307
155312
155319
155322
155329
155331
155334
155343
155354
155357
155365
155367
155369
155377
155378
155380
155381
155388
155390
155396
155410
155415
155416
155419
155423
155424
155427
155429
155437
155439
155456
155462
155465
155468
155470
155472
155479
155486
155487
155491
155492
155493
155497
155518
155519
155521
155522
155540
155545
155547
155548
155552
155559
155560
155564
155592
155593
155597
155612
155613
155618
155625
155628
155629
155633
155636
155647
155652
155672
155676
155684
155685
155688
155708
155712
155720
155722
155728
155746
155754
155759
155773
155774
155778
155781
155786
155789
155791
155792
155794
155795
155799
155805
155818
155824
155830
155833
155843
155845
155848
155849
155857
155862
155867
155869
155877
155881
155883
155894
155900
155902
155916
155917
155930
155935
155936
155939
155943
155946
155953
155956
155957
155963
155964
155966
155968
155973
155980
155983
155984
155985
155990
155996
155999
156002
156008
156010
156011
156016
156027
156028
156032
156036
156039
156042
156052
156055
156076
156079
156084
156088
156096
156100
156106
156109
156116
156118
156132
156134
156135
156137
156142
156143
156145
156161
156163
156164
156165
156166
156171
156189
156190
156192
156195
156198
156199
156201
156222
156226
156235
156243
156247
156248
156257
156273
156279
156281
156299
156300
156304
156310
156312
156316
156318
156321
156322
156329
156331
156335
156340
156353
156361
156364
156366
156370
156372
156375
156378
156384
156385
156389
156396
156404
156405
156420
156434
156440
156459
156464
156470
156487
156493
156501
156516
156524
156527
156534
156543
156544
156547
156553
156561
156562
156564
156572
156575
156576
156585
156589
156590
156598
156599
156631
156636
156647
156677
156686
156688
156707
156712
156733
156735
156755
156766
156768
156769
156773
156776
156777
156778
156784
156798
156807
156821
156844
156847
156848
156849
156873
156881
156893
156894
156896
156909
156911
156919
156925
156929
156933
156941
156950
156956
156960
156963
156980
156987
156989
156991
156996
157001
157002
157004
157007
157009
157018
157019
157027
157029
157030
157032
157038
157044
157046
157048
157066
157068
157076
157087
157088
157097
157101
157111
157112
157114
157118
157124
157134
157141
157146
157147
157153
157172
157176
157190
157193
157195
157196
157197
157203
157209
157211
157221
157225
157228
157231
157240
157244
157263
157265
157275
157278
157289
157290
157292
157305
157308
157310
157311
157313
157322
157324
157334
157380
157383
157384
157386
157388
157394
157419
157422
157426
157432
157435
157439
157441
157453
157462
157467
157470
157471
157474
157477
157479
157481
157482
157490
157498
157502
157506
157507
157515
157517
157519
157532
157533
157535
157536
157546
157552
157555
157567
157572
157580
157584
157596
157597
157599
157604
157609
157611
157614
157624
157641
157642
157647
157649
157655
157657
157666
157679
157688
157696
157698
157701
157706
157731
157749
157754
157755
157756
157758
157764
157767
157770
157780
157782
157784
157793
157794
157803
157804
157805
157829
157831
157837
157840
157842
157843
157854
157858
157861
157865
157874
157875
157880
157883
157884
157886
157894
157899
157902
157906
157911
157912
157926
157941
157953
157959
157962
157969
157972
157985
158010
158025
158030
158033
158042
158048
158050
158051
158053
158055
158056
158059
158063
158066
158068
158075
158078
158079
158081
158085
158088
158093
158095
158096
158099
158110
158115
158117
158119
158120
158122
158125
158126
158128
158140
158151
158152
158156
158172
158192
158196
158197
158198
158200
158205
158208
158210
158212
158219
158220
158221
158230
158240
158258
158266
158275
158277
158278
158280
158282
158285
158286
158288
158289
158292
158295
158304
158305
158309
158311
158317
158333
158337
158340
158357
158358
158359
158362
158365
158367
158371
158382
158391
158392
158396
158402
158407
158410
158414
158415
158417
158419
158435
158440
158460
158462
158467
158472
158476
158477
158492
158493
158501
158508
158509
158527
158529
158540
158549
158557
158571
158581
158590
158591
158595
158598
158600
158605
158608
158613
158615
158619
158627
158634
158638
158645
158647
158652
158653
158654
158656
158657
158661
158663
158664
158669
158687
158691
158715
158726
158727
158728
158729
158734
158737
158738
158748
158756
158758
158764
158772
158774
158786
158793
158799
158808
158814
158821
158823
158824
158825
158828
158835
158836
158843
158846
158851
158868
158885
158889
158890
158892
158895
158897
158899
158909
158911
158929
158931
158944
158945
158951
158960
158962
158972
158974
158982
158984
158997
159008
159011
159013
159015
159023
159034
159037
159042
159044
159045
159055
159061
159067
159070
159071
159074
159076
159097
159098
159104
159107
159108
159125
159129
159130
159133
159140
159143
159145
159149
159166
159169
159170
159173
159182
159187
159191
159210
159212
159217
159218
159225
159228
159244
159249
159284
159285
159287
159298
159307
159309
159319
159321
159332
159346
159354
159365
159375
159379
159390
159392
159396
159404
159422
159439
159457
159469
159474
159481
159486
159494
159496
159517
159539
159540
159550
159551
159553
159558
159561
159565
159568
159586
159588
159590
159592
159618
159619
159625
159635
159640
159647
159661
159668
159669
159673
159679
159683
159689
159708
159710
159726
159731
159736
159747
159749
159754
159762
159784
159786
159788
159789
159799
159808
159809
159816
159836
159837
159850
159859
159861
159867
159870
159872
159876
159877
159879
159880
159886
159904
159906
159908
159914
159919
159928
159929
159933
159934
159944
159953
159968
159975
159978
159989
159992
159995
160007
160009
160017
160018
160026
160028
160032
160034
160044
160046
160057
160062
160067
160068
160074
160082
160104
160116
160124
160127
160137
160153
160154
160155
160156
160159
160160
160164
160166
160175
160187
160195
160213
160217
160230
160232
160240
160241
160246
160247
160255
160261
160263
160265
160266
160269
160290
160294
160301
160313
160319
160320
160329
160347
160368
160396
160410
160411
160418
160422
160427
160451
160454
160458
160461
160463
160483
160486
160498
160507
160510
160514
160520
160529
160530
160541
160545
160546
160547
160549
160556
160557
160560
160563
160575
160584
160593
160599
160626
160635
160637
160640
160645
160646
160650
160651
160654
160668
160671
160674
160711
160712
160716
160718
160723
160727
160730
160736
160744
160745
160746
160750
160788
160793
160805
160811
160813
160815
160821
160828
160839
160842
160848
160853
160854
160862
160864
160867
160873
160880
160883
160886
160887
160891
160897
160902
160921
160926
160928
160938
160952
160961
160967
160974
160993
160995
160998
161003
161017
161027
161036
161038
161044
161049
161060
161062
161067
161070
161071
161077
161079
161092
161097
161109
161123
161125
161129
161137
161144
161150
161151
161158
161162
161165
161168
161177
161180
161181
161183
161197
161200
161210
161212
161213
161217
161223
161227
161244
161245
161246
161259
161265
161268
161278
161292
161299
161306
161309
161313
161316
161324
161327
161334
161336
161338
161345
161349
161350
161376
161378
161399
161403
161409
161413
161418
161419
161426
161432
161437
161441
161449
161450
161451
161456
161458
161459
161483
161486
161489
161493
161494
161498
161500
161507
161516
161528
161529
161531
161534
161536
161539
161571
161578
161583
161584
161586
161598
161599
161603
161605
161606
161619
161642
161650
161651
161667
161669
161673
161674
161681
161683
161690
161696
161705
161706
161718
161720
161723
161728
161749
161751
161752
161761
161765
161766
161773
161781
161782
161788
161804
161805
161810
161818
161823
161837
161842
161848
161850
161852
161860
161864
161865
161867
161879
161883
161887
161889
161891
161894
161899
161912
161915
161919
161926
161929
161932
161934
161935
161953
161959
161968
161976
161986
161991
162002
162003
162005
162006
162024
162031
162048
162051
162057
162059
162060
162063
162069
162087
162088
162109
162113
162119
162129
162130
162148
162153
162159
162164
162175
162177
162180
162193
162205
162210
162212
162215
162223
162231
162234
162235
162259
162264
162274
162287
162291
162297
162308
162319
162331
162332
162335
162342
162348
162362
162378
162380
162385
162387
162397
162403
162405
162417
162427
162429
162447
162448
162465
162470
162472
162473
162479
162497
162505
162506
162514
162520
162521
162524
162533
162543
162545
162549
162550
162555
162556
162560
162564
162569
162574
162576
162582
162585
162586
162588
162592
162593
162597
162598
162601
162603
162607
162616
162622
162624
162625
162630
162631
162632
162634
162636
162640
162650
162659
162677
162680
162681
162682
162702
162713
162723
162727
162730
162736
162757
162771
162784
162787
162799
162803
162804
162806
162811
162812
162813
162820
162823
162824
162836
162843
162859
162867
162871
162874
162875
162876
162877
162880
162884
162885
162892
162893
162895
162901
162903
162916
162922
162927
162930
162932
162935
162940
162945
162949
162966
162980
162981
162985
162989
162990
162992
162993
162995
163009
163010
163020
163022
163039
163048
163050
163061
163066
163069
163074
163075
163077
163099
163100
163103
163107
163110
163112
163120
163126
163132
163135
163148
163151
163157
163162
163179
163189
163193
163194
163201
163204
163215
163217
163218
163223
163224
163230
163234
163239
163243
163253
163259
163260
163261
163263
163264
163292
163300
163318
163327
163328
163330
163335
163344
163348
163354
163358
163368
163373
163385
163397
163400
163401
163408
163409
163412
163428
163434
163438
163491
163493
163494
163497
163499
163502
163505
163506
163515
163520
163526
163544
163546
163557
163566
163577
163584
163590
163591
163592
163603
163610
163616
163623
163624
163625
163629
163634
163637
163644
163657
163659
163666
163677
163681
163688
163689
163708
163717
163719
163737
163738
163746
163754
163766
163778
163782
163783
163786
163791
163806
163807
163809
163819
163823
163827
163830
163842
163844
163856
163863
163865
163869
163870
163880
163883
163884
163888
163892
163901
163903
163907
163916
163924
163926
163931
163936
163941
163942
163948
163955
163956
163958
163962
163970
163973
163982
163985
163990
164012
164014
164016
164023
164024
164044
164047
164063
164071
164076
164078
164081
164082
164083
164092
164105
164108
164112
164115
164116
164126
164144
164148
164154
164155
164164
164171
164179
164180
164181
164189
164193
164194
164203
164207
164215
164220
164229
164231
164236
164250
164253
164256
164265
164271
164273
164278
164279
164291
164295
164297
164302
164308
164316
164322
164325
164328
164334
164348
164351
164355
164371
164381
164383
164390
164391
164402
164403
164407
164410
164414
164416
164421
164424
164426
164429
164431
164432
164438
164448
164451
164465
164469
164472
164477
164490
164491
164501
164503
164522
164526
164537
164543
164548
164550
164552
164556
164566
164569
164570
164579
164595
164605
164607
164608
164609
164613
164616
164618
164628
164631
164637
164647
164648
164667
164672
164673
164675
164686
164695
164705
164707
164710
164716
164719
164743
164745
164760
164761
164762
164766
164788
164792
164796
164797
164798
164799
164808
164810
164822
164825
164826
164834
164838
164839
164846
164851
164858
164860
164862
164868
164870
164877
164893
164904
164905
164916
164925
164927
164934
164942
164945
164950
164955
164959
164963
164965
164967
164975
164978
164979
164982
164986
164992
164994
164995
165000
165014
165030
165032
165033
165035
165036
165038
165040
165043
165050
165060
165062
165065
165067
165081
165097
165100
165110
165124
165130
165159
165170
165171
165177
165178
165180
165184
165186
165189
165192
165197
165198
165203
165213
